Account,User Name,Followers at Posting,Post Created,Post Created Date,Post Created Time,Type,Total Interactions,Likes,Comments,Views,Like and View Counts Disabled,URL,Link,Photo,Title,Description,Image Text,Sponsor Id,Sponsor Name,Total Interactions (weighted  —  Likes 1x Comments 1x ),Overperforming Score
Nike,nike,293238416,2023-05-23 18:18:26 CDT,2023-05-23,18:18:26,Photo,"2,090,391",2079427,10964,0,false,https://www.instagram.com/p/CsmpQM1rnpc/,https://www.instagram.com/p/CsmpQM1rnpc/,https://scontent-sea1-1.cdninstagram.com/v/t51.29350-15/348487667_130739003347364_670891580731578682_n.jpg?_nc_cat=111&ccb=1-7&_nc_sid=8ae9d6&_nc_ohc=XK0-euNOscEAX_en1j1&_nc_ht=scontent-sea1-1.cdninstagram.com&oh=00_AfBPkkGbbdVp2oJLIuGVQQGX57td5otvmBgSfSHvdi4v6A&oe=64A1D55E,,We stand with @vinijr.,Stop looking the other Stoplookingtheotherway. way. VI A រ 1E,,,"2,090,391",4.74
Nike,nike,264854830,2023-01-26 11:06:52 CST,2023-01-26,11:06:52,Album,"1,051,621",1046531,5090,5032449,false,https://www.instagram.com/p/Cn4tufbpGSQ/,https://www.instagram.com/p/Cn4tufbpGSQ/,https://scontent-sea1-1.cdninstagram.com/v/t51.29350-15/327804561_3366691113573662_1515918805406887368_n.jpg?_nc_cat=104&ccb=1-7&_nc_sid=8ae9d6&_nc_ohc=DVp_uQ_PdLIAX-FVsKu&_nc_ht=scontent-sea1-1.cdninstagram.com&oh=00_AfC3D32d30S5fCKN_XT7pa7M4vCwHKWsuW_JP_pEnFmJ-Q&oe=64A122B4,,"Feels like a sweet ride. Looks like a running shoe. 🍭👟
 
When trying on the Nike Invincible for the first time, @sashahfierce said, “It feels like I’m running on marshmallows.” While marshmallows are one way to describe ZoomX cushioning, here’s what runners around the world are saying about the Nike Invincible. 📣
 
💬“Ohhhh.. whoaaaaa!!!!”
💬“Pillowy!”
💬“OMG it feels so good.”

Feel It to Believe It on 2.2. 🤩✨💯 Link in bio.",,,,"1,051,621",5.74
Nike,nike,255872144,2022-12-12 11:30:27 CST,2022-12-12,11:30:27,Album,"500,274",496411,3863,1503066,false,https://www.instagram.com/p/CmE4pymuGkA/,https://www.instagram.com/p/CmE4pymuGkA/,https://scontent-sea1-1.cdninstagram.com/v/t51.29350-15/319620111_622195109655754_3111275968130695931_n.jpg?_nc_cat=101&ccb=1-7&_nc_sid=8ae9d6&_nc_ohc=4Wx0ma3nhksAX-y0bZi&_nc_ht=scontent-sea1-1.cdninstagram.com&oh=00_AfCveDnTEDg9wFbAyBokTCV0lPI8dykwkJKIf-d842CNpg&oe=64A22F19,,"""When designing with Nike and the footwear team, I loved learning new techniques and ways to create new interpretations of Nike classics through intentional recycling measures."" - @billieeilish 

The Billie Eilish x Nike Air Force 1 Low is mindfully crafted with leftover material from Billie's previous AF1
High collaboration.

Dropping 12.14 on SNKRS",,,,"500,274",2.65
Nike,nike,297360580,2023-06-12 22:04:12 CDT,2023-06-12,22:04:12,Album,"484,210",482381,1829,0,false,https://www.instagram.com/p/Ctai_XKrzIN/,https://www.instagram.com/p/Ctai_XKrzIN/,https://scontent-sea1-1.cdninstagram.com/v/t51.29350-15/353055757_140788642302926_8924200912496792036_n.jpg?_nc_cat=104&ccb=1-7&_nc_sid=8ae9d6&_nc_ohc=8cFOPHJt8uwAX-avlhO&_nc_ht=scontent-sea1-1.cdninstagram.com&oh=00_AfA4kUmExMXPGxFwiDanC_ek0EWpPrYK2e8ipFMYh6wR2w&oe=64A13B68,,Congrats to the Joker and the @nuggets on a franchise-first NBA Championship.,,,,"484,210",3
Nike,nike,279599712,2023-03-23 11:00:31 CDT,2023-03-23,11:00:31,Album,"476,133",474345,1788,1706120,false,https://www.instagram.com/p/CqIyphHOdkS/,https://www.instagram.com/p/CqIyphHOdkS/,https://scontent-sea1-1.cdninstagram.com/v/t51.29350-15/337330637_749301013588487_7498472561120289143_n.jpg?_nc_cat=103&ccb=1-7&_nc_sid=8ae9d6&_nc_ohc=MWeOpCit4X8AX8jQ-2L&_nc_ht=scontent-sea1-1.cdninstagram.com&oh=00_AfAKhouLHfqqpC6q6qdwH04vTDiaSwwdqX9cxNPCBZfhEw&oe=64A1A739,,"Make them yours. The latest @billieeilish x Nike AF1 Low is inspired by the many facets of your style, no matter what they may be. 

Available today on SNKRS App & select retail partners. 🔗 in bio.",,,,"476,133",2.69
Nike,nike,227067852,2022-07-01 14:00:23 CDT,2022-07-01,14:00:23,Album,"433,911",431179,2732,5324545,false,https://www.instagram.com/p/CfewlA8vBj6/,https://www.instagram.com/p/CfewlA8vBj6/,https://scontent-sea1-1.cdninstagram.com/v/t51.36329-15/291352290_808675526784178_5420222121362637349_n.jpg?_nc_cat=104&ccb=1-7&_nc_sid=8ae9d6&_nc_ohc=URku2xpeEasAX8F2q9x&_nc_ht=scontent-sea1-1.cdninstagram.com&oh=00_AfA1xnWG5BvxwDYapYMF6LLlEKNfp4oHXcl5Vg3snsocFg&oe=64A25EC1,,"It started with a workout on your phone. Now it’s 5:30 a.m. and 12 strangers are shouting your name as you finish a circuit. Ropes, lunges, mountain climbers. It’s all pain, but it’s the good kind. The kind that makes you come back for more. 

Nike Air Zoom SuperRep 3. HIIT off on the right foot. (Left is fine, too.)

Never done moving. 

Tap to shop.",,,,"433,911",1.97
Nike,nike,263465357,2023-01-18 12:00:04 CST,2023-01-18,12:00:04,Album,"374,554",372747,1807,0,false,https://www.instagram.com/p/CnkNdCSuzeH/,https://www.instagram.com/p/CnkNdCSuzeH/,https://scontent-sea1-1.cdninstagram.com/v/t51.29350-15/325958850_2365759190247437_2486175925331927752_n.jpg?_nc_cat=109&ccb=1-7&_nc_sid=8ae9d6&_nc_ohc=Xvy3rXQXiCwAX9HTRDr&_nc_ht=scontent-sea1-1.cdninstagram.com&oh=00_AfAVo7-L7f6Z6J_2oDtTPlsPqolcy2cDD1diewqInPWaeQ&oe=64A249D4,,"@laurenschrammfit (size XS, F-G) has the scoop on the new Nike Swoosh Flyknit Bra: “Once you put it on, you feel like it’s going to stay put where it’s meant to stay, but you can move in whatever way you want.”
 
And the secret to a perfect fit? Inclusive sizing lets you find what fits your body best, so you can enjoy a customized fit on every wear. Like Lauren says, “It’s something you actually feel better in as a piece of clothing” ✨

---
Lauren’s wearing the Swoosh Flyknit Bra and Zenvy Legging — available soon 🤍 Shop the Super Rep 4 now 👟",,,,"374,554",2.03
Nike,nike,232294314,2022-07-31 16:37:15 CDT,2022-07-31,16:37:15,Photo,"352,678",350490,2188,0,false,https://www.instagram.com/p/CgsSYLWvCA3/,https://www.instagram.com/p/CgsSYLWvCA3/,https://scontent-sea1-1.cdninstagram.com/v/t51.29350-15/296952585_376535487930124_7447235507885298252_n.jpg?_nc_cat=104&ccb=1-7&_nc_sid=8ae9d6&_nc_ohc=bdU4qLBroEYAX9w0aN-&_nc_oc=AQmL_YwcfynJhoqc8ehLIK_YJ9fntplCODdC6EZF3mGrUoR43nRRyX9RmElP6mH6fYw&_nc_ht=scontent-sea1-1.cdninstagram.com&oh=00_AfDBQyOTFtCXSUK71RlMUAfOdwyzBQp45pwcvJevPTaAug&oe=64A21DA6,,"That moment when you unite a nation and inspire a new generation. 

@lionesses are never done bringing it home 🏠 🏆",,,,"352,678",-1.25
Nike,nike,296218670,2023-06-07 03:00:13 CDT,2023-06-07,03:00:13,Album,"329,652",328310,1342,0,false,https://www.instagram.com/p/CtLoGG2uYtk/,https://www.instagram.com/p/CtLoGG2uYtk/,https://scontent-sea1-1.cdninstagram.com/v/t51.29350-15/352236327_635878311925702_4081964450948445574_n.jpg?_nc_cat=103&ccb=1-7&_nc_sid=8ae9d6&_nc_ohc=gzgpTKk55CgAX_4gz9_&_nc_ht=scontent-sea1-1.cdninstagram.com&oh=00_AfAnd5t3T3YViTe0r2xnHfzxYzhzfkSmxiMwQX0t1lx5Lw&oe=64A0689C,,"Barriers broken like never before for you to change the game forever after.

Introducing the 𝐚𝐥𝐥-𝐧𝐞𝐰 𝐏𝐡𝐚𝐧𝐭𝐨𝐦 𝐋𝐮𝐧𝐚 — the ultimate boot created by women, for women. Join the ranks of the game changers like @debinhaa7 and push your limits on the pitch with 𝐏𝐡𝐚𝐧𝐭𝐨𝐦 𝐋𝐮𝐧𝐚. Available in the Nike App and nike.com on June 28. 🌙
#NikeFootball",,,,"329,652",1.99
Nike,nike,246310311,2022-11-04 11:04:26 CDT,2022-11-04,11:04:26,Album,"305,828",301321,4507,593561,false,https://www.instagram.com/p/Cki4mg8udau/,https://www.instagram.com/p/Cki4mg8udau/,https://scontent-sea1-1.cdninstagram.com/v/t51.29350-15/313928372_168559825823011_6092199768352939628_n.jpg?_nc_cat=105&ccb=1-7&_nc_sid=8ae9d6&_nc_ohc=7BiSH85-_KgAX_JzLx_&_nc_ht=scontent-sea1-1.cdninstagram.com&oh=00_AfDI71an0riGkbe_OnZ8OkVl3IbX3PM8qYcEvZ6RbF9Y3w&oe=64A20548,,"Step into play.

Simplify getting ready for playtime with the Dynamo Go, a shoe designed for kids to get in and out of faster than they can say “Tag, you’re it.”

It’s the anti-struggle footwear created to relieve kids everywhere (and grown-ups, let’s be real) of tying and re-tying and re-tying their laces. 

Tap to shop.",,,,"305,828",1.61
Nike,nike,283201328,2023-04-03 00:00:44 CDT,2023-04-03,00:00:44,Album,"304,275",303027,1248,0,false,https://www.instagram.com/p/Cqj74pcOkok/,https://www.instagram.com/p/Cqj74pcOkok/,https://scontent-sea1-1.cdninstagram.com/v/t51.29350-15/339451521_1150600825634908_4741880884927458417_n.jpg?_nc_cat=103&ccb=1-7&_nc_sid=8ae9d6&_nc_ohc=4vMUtAK9VX8AX886oZs&_nc_ht=scontent-sea1-1.cdninstagram.com&oh=00_AfAFmqgfVoSIIMmBNxMqISOpQfZ1VBuUSCj1gVx-avfang&oe=64A1B84E,,"Never Before. Forever After.

Introducing the 2023 Nike National Team Home Kits, featuring revolutionary innovation, debuting the next generation of Dri-FIT ADV, tuned specifically to her unique needs. 🏃🏆⚽ 🌏

On pitch in the coming days, then on the world stage this July. Go follow “football” in the Nike App to find out when yours will be available. 👀  #nikefc",,,,"304,275",1.72
Nike,nike,298349561,2023-06-17 19:37:39 CDT,2023-06-17,19:37:39,Photo,"298,347",297689,658,0,false,https://www.instagram.com/p/CtnKMXPpwmu/,https://www.instagram.com/p/CtnKMXPpwmu/,https://scontent-sea1-1.cdninstagram.com/v/t51.29350-15/354410929_649672503336015_3273642783738161142_n.jpg?_nc_cat=1&ccb=1-7&_nc_sid=8ae9d6&_nc_ohc=kRLWrRsDe2wAX8pm4lD&_nc_ht=scontent-sea1-1.cdninstagram.com&oh=00_AfDmm5iHeQP_iR6H5VIIq9v7WCZCkeK8XE4HweL1H284fQ&oe=64A0EE5B,,"@vinijr @cbf_futebol, we stand with you to create the change we all want to see.

Muda o Futebol.
Muda o Mundo.

@vinijr e @cbf_futebol, estamos com vocês para criar a mudança que todos nós queremos ver.",Gee si8: REHARLISON BCHARL ISON 9 VIN Change ChangeFootball. Football. Change ChangetheWorld the World.,,,"298,347",-1.44
Nike,nike,249522075,2022-11-18 14:00:55 CST,2022-11-18,14:00:55,Album,"291,075",288736,2339,0,false,https://www.instagram.com/p/ClHWy3yvzUY/,https://www.instagram.com/p/ClHWy3yvzUY/,https://scontent-sea1-1.cdninstagram.com/v/t51.29350-15/316364209_209177798191389_6133422885555941410_n.jpg?_nc_cat=105&ccb=1-7&_nc_sid=8ae9d6&_nc_ohc=OkeC39wBlNYAX-n6Pfm&_nc_ht=scontent-sea1-1.cdninstagram.com&oh=00_AfCPpMUwsbCPiquq2pAG8D-av4TAFmh7B0lrfClrCVuWWg&oe=64A1CEDE,,"Ready to rep your country’s colors and meet @virgilvandijk?

Jump into NIKELAND on @roblox to enter the ultimate football tournament: The Nike Cup Clash 🏆⚽️

Tap the @nike 🔗 in bio to learn more.",,,,"291,075",1.53
Nike,nike,241058114,2022-10-13 11:24:10 CDT,2022-10-13,11:24:10,Album,"286,852",283773,3079,1583615,false,https://www.instagram.com/p/CjqRXxULvwF/,https://www.instagram.com/p/CjqRXxULvwF/,https://scontent-sea1-1.cdninstagram.com/v/t51.29350-15/311206705_5631621796923803_9218472628061563021_n.jpg?_nc_cat=106&ccb=1-7&_nc_sid=8ae9d6&_nc_ohc=FIa9qPbg0z4AX_x-zre&_nc_ht=scontent-sea1-1.cdninstagram.com&oh=00_AfDkbtaMzpegbNb7BJbrKQyOi36ICjUttE-K9TPHBZ1fpg&oe=64A289BA,,"Join Forces with Memphis Jookin.
 
“When we would dance around each other the style got better, everybody got better, and it made us realize the more we could find ways to work together the better for all of us.” 
- @drrico
 
Tap the @Nike 🔗 in bio to see how Memphis Jookin comes together in Air Force 1. #AF1JoinForces",,,,"286,852",1.5
Nike,nike,235481165,2022-08-29 21:10:31 CDT,2022-08-29,21:10:31,Album,"281,834",280457,1377,0,false,https://www.instagram.com/p/Ch3cs_ILylE/,https://www.instagram.com/p/Ch3cs_ILylE/,https://scontent-sea1-1.cdninstagram.com/v/t51.29350-15/302103439_190550836726415_7625411935364621578_n.jpg?_nc_cat=107&ccb=1-7&_nc_sid=8ae9d6&_nc_ohc=DQpA1H4jeiwAX-2GHxK&_nc_ht=scontent-sea1-1.cdninstagram.com&oh=00_AfCDLQykaNNveiSl6bn3K_7W7YuM65OQl-ujRu5yACXeSA&oe=64A285F7,,"It’s no secret that Serena slays both on and off the 🎾 court. When it came to tonight's winning look the queen of the court wanted something that embodied the fiery boldness she always serves.

Serena worked with our design team on a final tournament look that would keep her feeling comfortable and confident ✨ Her custom NikeCourt Flare 2s are just as brilliant as her 💎 With diamond-encrusted swooshes and @serenawilliamsjewelry deubrés on the laces that read “mama” and “queen”. Paired with an embellished bodice and tutu skirt inspired by the night sky above center court in Flushing, NY - this look puts her in the spotlight all while allowing her the freedom to make her masterful moves 💥",,,,"281,834",1.38
Nike,nike,226654902,2022-06-29 07:59:27 CDT,2022-06-29,07:59:27,Album,"277,454",275778,1676,279637,false,https://www.instagram.com/p/CfY9ruvrUsj/,https://www.instagram.com/p/CfY9ruvrUsj/,https://scontent-sea1-1.cdninstagram.com/v/t51.29350-15/290769760_119629617443202_4339232533162821011_n.jpg?_nc_cat=109&ccb=1-7&_nc_sid=8ae9d6&_nc_ohc=mam1zguul50AX85LQzN&_nc_ht=scontent-sea1-1.cdninstagram.com&oh=00_AfCifWJtGk0gGA8V1Ae1KR83cDQuWIu53IYJ_6GOuoAxjQ&oe=64A247B7,,"Introducing @Nike x @Jacquemus: Runway to Sport.

“I wanted to create a collection that reinterprets athletic women’s sportswear in a minimal way. It was [also] important for the collection to be accessible for all bodies, ...and to be a natural blend of Jacquemus' distinct, tailored style and Nike performance.” - @Jacquemus 

Nike x Jacquemus will be available across Nike.com + SNKRS in select regions starting July 7.",,,,"277,454",1.24
Nike,nike,243898711,2022-10-25 11:02:33 CDT,2022-10-25,11:02:33,Album,"273,111",271183,1928,1457053,false,https://www.instagram.com/p/CkJIcC1Jy9J/,https://www.instagram.com/p/CkJIcC1Jy9J/,https://scontent-sea1-1.cdninstagram.com/v/t51.29350-15/312487986_1054449555202502_501182810399266863_n.jpg?_nc_cat=105&ccb=1-7&_nc_sid=8ae9d6&_nc_ohc=h9SCcryr9HIAX8hNgKy&_nc_ht=scontent-sea1-1.cdninstagram.com&oh=00_AfBr4AkG3kIl1CbAZlIcXRwtxF_biRqNsNCpJhyGsE_nLQ&oe=64A2ACA1,,"Join Forces with So Dope Dance Academy 🤝
 
“You can't beat the swag of an Air Force 1. In terms of the whole crew looking like one, the Air Force 1 makes sense. I think that's why dancers resonate with it so much. It's just too much sauce.” - @tarryn_tnt
 
Tap the 🔗 in @nike bio to see how So Dope Dance Academy comes together in Air Force 1. #AF1JoinForces",,,,"273,111",1.44
Nike,nike,240197313,2022-10-06 11:27:49 CDT,2022-10-06,11:27:49,Album,"267,976",265561,2415,197165,false,https://www.instagram.com/p/CjYQOejr8Sj/,https://www.instagram.com/p/CjYQOejr8Sj/,https://scontent-sea1-1.cdninstagram.com/v/t51.29350-15/310615660_478398071018716_1583755518383602047_n.jpg?_nc_cat=110&ccb=1-7&_nc_sid=8ae9d6&_nc_ohc=3trjAmTQF3sAX8Ee1Eo&_nc_oc=AQnzwegvi0z3iQkm_vsU5SwO19bmZBSkRAxmme_yYVMSIodLXeoLulp4yoHdU8_bMq0&_nc_ht=scontent-sea1-1.cdninstagram.com&oh=00_AfBVpXzt-QhYIHqsnlC3znKWiNjuzxZKpw30o-LSgqqUrA&oe=649E8BE6,,"A two-time MVP and one of the best shooters in basketball history, WNBA star @De11eDonne is a confirmed legend of the game. She's also a fierce advocate for inclusivity, that’s why she is creating more space in the game with the Nike Air Deldon.

The Nike Air Deldon's six colorways represent the most important parts of Elena's journey, including a bright lime colorway that brings awareness to the Lyme disease she has battled throughout her career. 

Join Elena in raising the game with the Nike Air Deldon. 💚🏀",,,,"267,976",1.4
Nike,nike,288509792,2023-04-19 11:59:02 CDT,2023-04-19,11:59:02,Album,"263,912",262249,1663,0,false,https://www.instagram.com/p/CrOazoau8GD/,https://www.instagram.com/p/CrOazoau8GD/,https://scontent-sea1-1.cdninstagram.com/v/t51.29350-15/341867850_1258195971770763_2504555889070947562_n.jpg?_nc_cat=100&ccb=1-7&_nc_sid=8ae9d6&_nc_ohc=2xe-j8WOVy8AX_QgNCj&_nc_ht=scontent-sea1-1.cdninstagram.com&oh=00_AfBKRpqtwLAS-a0Xez1dcsgT6I-KC5kfZwh4Bwtlog9jRA&oe=64A26C0F,,"In Spring 2023, Nike brought together a collective of powerful, iconic women — including elite athletes, collaborators, Nike trainers and partners in the world of dance, design, style and photography — to celebrate the joy, possibility, freedom and boundless expression that can be found in all forms of movement.

The collective embodies togetherness, strength and attitude. They represent competitive sport, fitness, movement and style. They are soulful, united, and uninhibited.

In collaboration with an incredible creative community, elite athletes, and partners:
 Photography by Renell Medrano @renellaice Styled by Gabriella Karefa-Johnson @gabriellak_j Cinematography by Charlie McHarg @appleshift4 Organic Capture by Maya Spangler @stolenbesos",,,,"263,912",1.5
Nike,nike,259862422,2022-12-29 18:32:35 CST,2022-12-29,18:32:35,Photo,"259,184",255401,3783,0,false,https://www.instagram.com/p/CmxaebWPOK0/,https://www.instagram.com/p/CmxaebWPOK0/,https://scontent-sea1-1.cdninstagram.com/v/t51.29350-15/322914103_1153982228656254_2883340927387999569_n.jpg?_nc_cat=104&ccb=1-7&_nc_sid=8ae9d6&_nc_ohc=DyQ-NBqnWwgAX8YyOll&_nc_ht=scontent-sea1-1.cdninstagram.com&oh=00_AfAfsLKUxB_NT89aJXWNE3fwyy0uKPH47nQA7IsPAt0dOQ&oe=64A28C1C,,Obrigado to the eternal #10 @pele for sharing Joga Bonito with the world,,,,"259,184",-1.7
Nike,nike,284215173,2023-04-06 13:15:24 CDT,2023-04-06,13:15:24,Album,"256,721",250883,5838,3571660,false,https://www.instagram.com/p/CqtFNrEOEQv/,https://www.instagram.com/p/CqtFNrEOEQv/,https://scontent-sea1-1.cdninstagram.com/v/t51.36329-15/339689124_766307304816087_1601320675385797670_n.jpg?_nc_cat=103&ccb=1-7&_nc_sid=8ae9d6&_nc_ohc=mNf4hI8G2jwAX9ZZTr7&_nc_ht=scontent-sea1-1.cdninstagram.com&oh=00_AfC4s8BLiMvRQPkAWCoeZ7hp_m1v-ohRPi9T5IajqcK0Uw&oe=64A1D81D,,"Springy. Spry. Ready to fly 🚀 🚀

The new Pegasus 40 is here, celebrating forty years of being our most-trusted running shoe of all time. From high-profile races to morning runs, from clearing your head to rewriting record books, the Pegasus has been the shoe for everyone since day one. And now it’s back with an even comfier feel and more personalized fit.

The World Runs in Pegasus. 🌏 Hit nike.com to shop. Available to members now.",,,,"256,721",1.46
Nike,nike,241615883,2022-10-17 14:16:29 CDT,2022-10-17,14:16:29,Album,"253,957",251449,2508,0,false,https://www.instagram.com/p/Cj04Rb2v-DY/,https://www.instagram.com/p/Cj04Rb2v-DY/,https://scontent-sea1-1.cdninstagram.com/v/t51.29350-15/311770135_850674675967047_4769040565614815527_n.jpg?_nc_cat=101&ccb=1-7&_nc_sid=8ae9d6&_nc_ohc=8O95aFUqJ0UAX_FoqU1&_nc_ht=scontent-sea1-1.cdninstagram.com&oh=00_AfAvnZ_A20k7EOv3CKjL7mkLKmNZVoMpkuwrTov4L_shWw&oe=64A150E8,,"In every country, in every language, the same two words mean “best footballer in the world.”

Highest scoring midfielder in Europe. League champion.
Cup winner.
Best player in the world in 2021.
Best player in the world in 2022.
Changing the game on and off the pitch forever.

@AlexiaPutellas is Never Done. 

#NikeFC",,,,"253,957",1.32
Nike,nike,278563350,2023-03-19 15:13:40 CDT,2023-03-19,15:13:40,Album,"251,823",250446,1377,0,false,https://www.instagram.com/p/Cp-8cHsOH8F/,https://www.instagram.com/p/Cp-8cHsOH8F/,https://scontent-sea1-1.cdninstagram.com/v/t51.29350-15/336213551_984877712522674_1880540070856007351_n.jpg?_nc_cat=106&ccb=1-7&_nc_sid=8ae9d6&_nc_ohc=ipEa5CB0zT0AX9Hx7Z1&_nc_ht=scontent-sea1-1.cdninstagram.com&oh=00_AfAiowtGbOJsYQRB0uFjLKvzM51Bx6krOEAlnK6GNVSxUA&oe=64A2EC5D,,"“I think of the marathon as the greatest challenge I’ve ever faced” - @alexroca91 

Alex set himself to accomplish a world-class breakthrough: Finishing a marathon with 76% physical disability and Cerebral palsy. Now, he has just achieved that milestone. It’s time to enjoy it, but new goals will show up sooner rather than later. 

Never done looking for new challenges. 💪",,,,"251,823",1.41
Nike,nike,252746287,2022-12-01 14:00:10 CST,2022-12-01,14:00:10,Album,"250,460",249004,1456,0,false,https://www.instagram.com/p/Clo1CrcP06G/,https://www.instagram.com/p/Clo1CrcP06G/,https://scontent-sea1-1.cdninstagram.com/v/t51.29350-15/317608852_689648276208468_4355382932813356408_n.jpg?_nc_cat=103&ccb=1-7&_nc_sid=8ae9d6&_nc_ohc=4Mj0Zc4pLF0AX9BPCzV&_nc_ht=scontent-sea1-1.cdninstagram.com&oh=00_AfDHmUSQR5uNaK88MQs13gxxspDI2w-r878UOohYJZN1_Q&oe=64A20059,,"“If I would be perfect, what would be the motivation to keep going? It's part of life not to have all the answers.” 

For @bgirljilou, it’s about more than winning medals. Finding the balance between athleticism and artistry is about accepting imperfection and trusting her instincts. 

She tells us there’s no end in sight — and that’s what drives her.",,,,"250,460",1.32
Nike,nike,277719323,2023-03-16 12:00:11 CDT,2023-03-16,12:00:11,Album,"248,827",246873,1954,0,false,https://www.instagram.com/p/Cp236ZdOoNo/,https://www.instagram.com/p/Cp236ZdOoNo/,https://scontent-sea1-1.cdninstagram.com/v/t51.29350-15/336067027_1388939685194540_3306899373944776122_n.jpg?_nc_cat=111&ccb=1-7&_nc_sid=8ae9d6&_nc_ohc=ibxvjgycrLoAX92l1zK&_nc_ht=scontent-sea1-1.cdninstagram.com&oh=00_AfD4UVTx7fRQ_NXY6dKSAPbJfXJnll3P-PZEp-OYpVbHoQ&oe=64A28068,,"Welcome to the Nike Basketball Signature family, @sabrina_i. 

The #Sabrina1, coming soon. 👀",,,,"248,827",1.39
Nike,nike,228611002,2022-07-08 10:07:37 CDT,2022-07-08,10:07:37,Album,"247,769",246802,967,3024209,false,https://www.instagram.com/p/CfwXgNprcSA/,https://www.instagram.com/p/CfwXgNprcSA/,https://scontent-sea1-1.cdninstagram.com/v/t51.36329-15/292399220_3155709628005708_6837181823426351788_n.jpg?_nc_cat=107&ccb=1-7&_nc_sid=8ae9d6&_nc_ohc=Ovy2nP8v1HsAX9EW-Xv&_nc_ht=scontent-sea1-1.cdninstagram.com&oh=00_AfAa0vvBJSjnewBwRZY5cvVWhDPtuLUBb3rntlUz_mfSbg&oe=64A1CA67,,"Meet the bold new collection inspired by a 50-year tradition of breaking tradition. This is Circa 72. 

Each piece reimagines the rebellious streak that runs through all athletes* and passes it down to the next generation. Because these are the next icons: those who will take a legacy to build toward something greater. And when convention tests your conviction, you dig deep, because you know the future isn’t made without people like you.

Legends are never done. Shop Circa 72 to explore the icons and see the stories. ⏭️",,,,"247,769",1.13
Nike,nike,239131743,2022-09-30 11:47:57 CDT,2022-09-30,11:47:57,Album,"234,934",231439,3495,4133802,false,https://www.instagram.com/p/CjI1woGLT56/,https://www.instagram.com/p/CjI1woGLT56/,https://scontent-sea1-1.cdninstagram.com/v/t51.36329-15/309114846_484956253537843_8454932687757883506_n.jpg?_nc_cat=103&ccb=1-7&_nc_sid=8ae9d6&_nc_ohc=Kt7IlfCDKksAX_1b4bQ&_nc_ht=scontent-sea1-1.cdninstagram.com&oh=00_AfBnClNnU1HVsBltXLom2D6EkFUpqzU98ZJ2onjXtllHZw&oe=649DB9E7,,"#NikeForward is an all-new material made from ultra-thin, needle-punched layers. It’s super soft, incredibly warm, and absurdly lightweight, but most importantly, our inaugural collection has a reduced carbon footprint of 75% on average when compared to our traditional knit fleece. 

Today, it’s a hoodie. Tomorrow, it could be anything. 🚀💫

Tap the link in bio to learn more.",,,,"234,934",1.21
Nike,nike,234035496,2022-08-12 12:49:53 CDT,2022-08-12,12:49:53,Album,"234,302",231320,2982,0,false,https://www.instagram.com/p/ChKx5bIpxmr/,https://www.instagram.com/p/ChKx5bIpxmr/,https://scontent-sea1-1.cdninstagram.com/v/t51.29350-15/298840921_152138514084847_5007705389516570364_n.jpg?_nc_cat=101&ccb=1-7&_nc_sid=8ae9d6&_nc_ohc=k4EQfGdeI0oAX-GNjXA&_nc_ht=scontent-sea1-1.cdninstagram.com&oh=00_AfDrVti59oZ9Db-RAjSI79DdmL0JmFyKQaPjp-woCV7Rcw&oe=64A123F2,,"Effortlessly casual, always cool. 🏆

WNBA star @sabrina_i has the right idea when it comes to putting together a fit. “You’re super cozy, but it still looks like you have elevated style.”

Shop the looks at the 🔗 in bio.",,,,"234,302",1.15
Nike,nike,254350281,2022-12-08 09:00:34 CST,2022-12-08,09:00:34,Album,"233,589",231493,2096,0,false,https://www.instagram.com/p/Cl6UUi_uDIK/,https://www.instagram.com/p/Cl6UUi_uDIK/,https://scontent-sea1-1.cdninstagram.com/v/t51.29350-15/318608061_5466702813438178_6142576718601284650_n.jpg?_nc_cat=103&ccb=1-7&_nc_sid=8ae9d6&_nc_ohc=wYF2GP2JpNkAX9VkxvE&_nc_ht=scontent-sea1-1.cdninstagram.com&oh=00_AfAFBt6SzRSEQqD1wJ6lOr9kGaKbIAGPiBmLVBakrovX6A&oe=64A1060B,,"The Drake AF1 ‘Love You Forever’. 💕

A refreshed version of the iconic Uptown silhouette, paying homage to Drake's favorite childhood book.

Available now on SNKRS.",,,,"233,589",1.24
Nike,nike,235189792,2022-08-26 12:49:25 CDT,2022-08-26,12:49:25,Album,"226,283",224735,1548,2170426,false,https://www.instagram.com/p/Chu0-PcppXX/,https://www.instagram.com/p/Chu0-PcppXX/,https://scontent-sea1-1.cdninstagram.com/v/t51.36329-15/301210990_113173278071698_4822099268237331388_n.jpg?_nc_cat=108&ccb=1-7&_nc_sid=8ae9d6&_nc_ohc=nxo71QamGdIAX8GOTe4&_nc_ht=scontent-sea1-1.cdninstagram.com&oh=00_AfC_Ivuv1fDHKXf8pCwhfeOCUr9j62kbmBr6i3YlVfaO0w&oe=64A106CC,,"You don’t build a 39-year legacy by standing still. You do it by relentlessly chasing down change.

Made with at least 50% recycled content by weight, the Pegasus Turbo Next Nature is light on impact but heavy on performance. With our most sustainable Flyknit yet, and recycled ZoomX foam, now you can run with a new type of lightness. Both on your feet, and in your soul. ✨✨

Explore what’s next for Pegasus, and you, in our IG Shop.",,,,"226,283",1.11
Nike,nike,227067852,2022-07-01 10:01:14 CDT,2022-07-01,10:01:14,Album,"223,748",222605,1143,0,false,https://www.instagram.com/p/CfeVNbWLyzY/,https://www.instagram.com/p/CfeVNbWLyzY/,https://scontent-sea1-1.cdninstagram.com/v/t51.29350-15/291096845_382604520520373_304056941806482541_n.jpg?_nc_cat=106&ccb=1-7&_nc_sid=8ae9d6&_nc_ohc=mXNW9ni7XcIAX88QVdr&_nc_ht=scontent-sea1-1.cdninstagram.com&oh=00_AfBjpRN4CLrBRA23V5jIMUbeAH9z8A0YOc94VZwLqw9UWQ&oe=64A216C4,,"“You’re training every day, so you can fail every day. Or succeed every day. Which is training in itself too. And I love that.”

For Ballon d’Or winner @alexiaputellas, reaching new levels in her commitment and consistency has been the unlock to elevated success. She’s Never Done giving it her all.

What’s got your commitment? 💪
Tell us in the comments!",,,,"223,748",1.01
Nike,nike,238459670,2022-09-25 10:00:10 CDT,2022-09-25,10:00:10,Album,"221,580",215646,5934,0,false,https://www.instagram.com/p/Ci7xc1er71D/,https://www.instagram.com/p/Ci7xc1er71D/,https://scontent-sea1-1.cdninstagram.com/v/t51.29350-15/309316006_5357449970975684_7666579495012520641_n.jpg?_nc_cat=104&ccb=1-7&_nc_sid=8ae9d6&_nc_ohc=fSk3Vf5hWu0AX-2QuYT&_nc_ht=scontent-sea1-1.cdninstagram.com&oh=00_AfCCrb5tg6CxuOw-nxDzOdt2vL_t1jdI0QiMVDxoYczXXg&oe=649EFB28,,"“They can be themselves on and off the pitch. And that’s what I try to show most of the time.” —@alphonsodavies

When few cared to claim it, Alphonso took it upon himself to build the reputation of the Canadian soccer program at a global level. Off the pitch he continues to make an impact with culture, inspiring anyone and everyone to follow their dreams through his social platforms.",,,,"221,580",1.13
Nike,nike,257077836,2022-12-17 16:00:05 CST,2022-12-17,16:00:05,Album,"219,651",217317,2334,0,false,https://www.instagram.com/p/CmSPe-mP6V2/,https://www.instagram.com/p/CmSPe-mP6V2/,https://scontent-sea1-1.cdninstagram.com/v/t51.29350-15/320054892_712922177152803_5698497964763683379_n.jpg?_nc_cat=109&ccb=1-7&_nc_sid=8ae9d6&_nc_ohc=DYo9nDFazz0AX9zgBOc&_nc_ht=scontent-sea1-1.cdninstagram.com&oh=00_AfDl653PsOX-QrGp-GgPSJDQ0zB5iR0I99aKSKzjIgZ8gQ&oe=64A1EFD2,,"“I am working on, you know, being more happy with myself and everything I've done throughout my life, throughout my career, everything I've accomplished.” - @nyjah 

After suffering the first major injury of his storied skateboarding career, Nyjah Huston is working harder
than ever on crafting the legacy he’s leaving behind, with a renewed excitement for the sport he’s always loved.",,,,"219,651",1.16
Nike,nike,247479325,2022-11-10 10:00:11 CST,2022-11-10,10:00:11,Album,"216,766",213757,3009,0,false,https://www.instagram.com/p/CkyU4qROEwo/,https://www.instagram.com/p/CkyU4qROEwo/,https://scontent-sea1-1.cdninstagram.com/v/t51.29350-15/314985890_499687432128596_7871497806116002054_n.jpg?_nc_cat=108&ccb=1-7&_nc_sid=8ae9d6&_nc_ohc=ouQNvVs6Z8IAX8MW3Tx&_nc_ht=scontent-sea1-1.cdninstagram.com&oh=00_AfAZt0EUdtY_69Au6oZPkK8hnLlqBz6dTJpCbtRNHCmx4w&oe=64A1D3F1,,"From your city. For your city. 📍

Introducing the 2022-23 Nike @NBA City Edition Jersey. Tap to shop now.",,,,"216,766",1.14
Nike,nike,296764806,2023-06-10 15:56:26 CDT,2023-06-10,15:56:26,Photo,"212,334",211050,1284,0,false,https://www.instagram.com/p/CtUvT-1yj2l/,https://www.instagram.com/p/CtUvT-1yj2l/,https://scontent-sea1-1.cdninstagram.com/v/t51.29350-15/352568681_246295208013244_2177765323586973246_n.jpg?_nc_cat=104&ccb=1-7&_nc_sid=8ae9d6&_nc_ohc=VhMfpwzpeC0AX_VXK4l&_nc_ht=scontent-sea1-1.cdninstagram.com&oh=00_AfDi4xJXQ6qdHD0ENNh3X0_bTF4wliF6F4fFTnfNdM8CXw&oe=64A225D6,,"Treble. 
Player of the Year. 
League Top Goalscorer. 
European Top Goalscorer. 

@erling.haaland has just accomplished one of the most incredible seasons ever. And he’s just getting started.

#Force9 #NikeFootball",BELIEF IS A AY I ORCE STARTŠ FROM WITHIN.,,,"212,334",-2.05
Nike,nike,264854830,2023-01-26 13:01:45 CST,2023-01-26,13:01:45,Album,"207,896",206929,967,0,false,https://www.instagram.com/p/Cn4635fvmof/,https://www.instagram.com/p/Cn4635fvmof/,https://scontent-sea1-1.cdninstagram.com/v/t51.29350-15/327150141_585436129615723_5487265598436658632_n.jpg?_nc_cat=101&ccb=1-7&_nc_sid=8ae9d6&_nc_ohc=9RTwGZG8Ny0AX-66Zc8&_nc_ht=scontent-sea1-1.cdninstagram.com&oh=00_AfDwAFMaS-vD5aQ5Kml6tAcY1WSdYgT7G01Ia_bJh9I33g&oe=64A2B048,,"Since the pandemic, the running community has stepped up in so many ways for the Asian community of New York City. Through community work, New York runners from different Asian backgrounds are actively breaking barriers and traditional codes that previously defined Asian Americans.

In celebration of running, culture and the Year of the Rabbit, runners within the NYC Asian community discuss identity, culture and sport over a family feast of pancit, tteokguk soup and more.

Happy Lunar New Year 🧧 🎊",,,,"207,896",1.14
Nike,nike,277510470,2023-03-15 11:30:03 CDT,2023-03-15,11:30:03,Album,"197,336",196182,1154,0,false,https://www.instagram.com/p/Cp0Pqx5unxj/,https://www.instagram.com/p/Cp0Pqx5unxj/,https://scontent-sea1-1.cdninstagram.com/v/t51.29350-15/335783710_748642363492119_552607781244165169_n.jpg?_nc_cat=101&ccb=1-7&_nc_sid=8ae9d6&_nc_ohc=XXbHkvYRu4MAX-dpzj9&_nc_ht=scontent-sea1-1.cdninstagram.com&oh=00_AfA8K9_q2QtAQ8m7sLKFQMDRdTCohJ1nD1rUIO-pj6uuQw&oe=64A12750,,"NOCTA presents its Turks & Caicos Spring Break Collection. 🌴
 
Available on nocta.com 3.17 and globally on the SNKRS App 3.22.",,,,"197,336",1.1
Nike,nike,256565251,2022-12-14 10:00:11 CST,2022-12-14,10:00:11,Album,"191,886",190791,1095,190422,false,https://www.instagram.com/p/CmJ36ZBuji5/,https://www.instagram.com/p/CmJ36ZBuji5/,https://scontent-sea1-1.cdninstagram.com/v/t51.29350-15/319702727_2095786377286381_6739207917033648559_n.jpg?_nc_cat=104&ccb=1-7&_nc_sid=8ae9d6&_nc_ohc=BnHnpdv0nPoAX9O52wz&_nc_ht=scontent-sea1-1.cdninstagram.com&oh=00_AfA_soZkFWfAoFD1O39W17RQIroj2RPfhURUaW8K7alToQ&oe=64A1514F,,"""We can do several things at one time. We can learn several skills, several gifts, and I'm just trying to show other dancers that you can keep your dreams open."" Women are the ultimate multi-hyphenates. 

Tap the link in bio to listen to @parrisgoebel list the many hats she wears on a daily basis.",,,,"191,886",1.01
Nike,nike,239011015,2022-09-28 10:01:03 CDT,2022-09-28,10:01:03,Album,"190,315",188857,1458,0,false,https://www.instagram.com/p/CjDf79YLFID/,https://www.instagram.com/p/CjDf79YLFID/,https://scontent-sea1-1.cdninstagram.com/v/t51.29350-15/309056767_502772004968188_7230895971460772145_n.jpg?_nc_cat=102&ccb=1-7&_nc_sid=8ae9d6&_nc_ohc=xtTXC8s8bwMAX_o8VaR&_nc_ht=scontent-sea1-1.cdninstagram.com&oh=00_AfBdsEhA1z0imhA78RCK2obRpaXIV8GYOJxqqtoxBjglOQ&oe=649EDAD7,,"20 years into an iconic career like no other, @kingjames remains grounded to the community that shaped him.

Click the link in bio to see how LeBron is reshaping his hometown of Akron in our latest episode of “What Are You Working On?”",,,,"190,315",-1.02
Nike,nike,283201328,2023-04-03 01:05:02 CDT,2023-04-03,01:05:02,Album,"189,968",187262,2706,0,false,https://www.instagram.com/p/CqkDPmBOlXI/,https://www.instagram.com/p/CqkDPmBOlXI/,https://scontent-sea1-1.cdninstagram.com/v/t51.29350-15/339507168_611151090868625_4156847382713080382_n.jpg?_nc_cat=107&ccb=1-7&_nc_sid=8ae9d6&_nc_ohc=kCueN8ZiON8AX9U-I8B&_nc_ht=scontent-sea1-1.cdninstagram.com&oh=00_AfCdfSiaqWzP4-HeqUMEn4NcZkb0AFw8YWP3o97qjkn0YQ&oe=64A1BA3B,,"Introducing the 2023 Nike National Team Away Kits. Next-level performance engineered just for her game, powered by the next generation of Dri-FIT ADV. Nike designers leveraged the latest advanced body-mapping technology and 100% recycled polyester fibers to help her stay cool, comfortable, and move dynamically towards the goal. ⚽️🌏

On pitch in the coming days, then on the world stage this July. Go follow “football” in the Nike App to find out when yours will be available. 👀",,,,"189,968",1.08
Nike,nike,242819583,2022-10-22 10:00:17 CDT,2022-10-22,10:00:17,Album,"188,870",185981,2889,0,false,https://www.instagram.com/p/CkBS7RaLTPJ/,https://www.instagram.com/p/CkBS7RaLTPJ/,https://scontent-sea1-1.cdninstagram.com/v/t51.29350-15/312642053_800038661248944_5733148709982230861_n.jpg?_nc_cat=106&ccb=1-7&_nc_sid=8ae9d6&_nc_ohc=r8tAB95PxzQAX94UcHb&_nc_ht=scontent-sea1-1.cdninstagram.com&oh=00_AfAcohILiE0Abf65IgcVAtcUJHFlBVjQ6LuvNfVwvqfPyA&oe=64A27AE1,,"The TSU Tigerbelles are known for the world records they broke, the style they pioneered, and the activism they inspired. Now, their legacy is the subject of an exhibit at the @ncrmuseum in Memphis, TN.

To celebrate the Tigerbelles, Nike commissioned an art installation—composed of over 20,000 track spikes—for display at the museum. Together with the museum, we also hosted multiple generations of Tigerbelles for a once-in-a-lifetime event to unveil the piece, bringing together 60-plus years of Tigerbelle history together in one room.

The exhibit will be on display for a limited time. Come visit the museum to witness history. Art fabricated by Gertrude East and Kevin Pierce.

#Nike50",,,,"188,870",-1.01
Nike,nike,269826617,2023-02-12 21:17:12 CST,2023-02-12,21:17:12,Album,"188,166",187368,798,0,false,https://www.instagram.com/p/CollFlkMgx7/,https://www.instagram.com/p/CollFlkMgx7/,https://scontent-sea1-1.cdninstagram.com/v/t51.29350-15/330100360_118758447793996_7288324001845091514_n.jpg?_nc_cat=101&ccb=1-7&_nc_sid=8ae9d6&_nc_ohc=_CpBGnw0ctsAX-HqvOt&_nc_ht=scontent-sea1-1.cdninstagram.com&oh=00_AfAtJSI50j8OUoCnErJ4sjEuQKeAD27uLvhwqaBAgonr1Q&oe=64A27D6C,,"You can hear ‘em now. Kansas City @chiefs are back on top and this dynasty is just getting started. ☝️🏆

Kansas City is Never Done.",,,,"188,166",1.02
Nike,nike,245120565,2022-10-29 22:28:25 CDT,2022-10-29,22:28:25,Album,"186,672",183663,3009,0,false,https://www.instagram.com/p/CkUqG-Hrkw8/,https://www.instagram.com/p/CkUqG-Hrkw8/,https://scontent-sea1-1.cdninstagram.com/v/t51.29350-15/313035089_1793807751004540_7602470610447515591_n.jpg?_nc_cat=105&ccb=1-7&_nc_sid=8ae9d6&_nc_ohc=5GkFHuUOohMAX8qajME&_nc_ht=scontent-sea1-1.cdninstagram.com&oh=00_AfAUDuPfu1gV7nI1rGigH-zQyRHOds7do4bM5jNj_rzxFw&oe=64A24F4A,,"Today and everyday we are watching nothing less than a monumental achievement. 

Congrats to the Portland Thorns on their third National Women’s Soccer League Championship.",,,,"186,672",-1.02
Nike,nike,256912404,2022-12-16 12:00:06 CST,2022-12-16,12:00:06,Album,"185,402",183723,1679,913661,false,https://www.instagram.com/p/CmPPOgjO-ac/,https://www.instagram.com/p/CmPPOgjO-ac/,https://scontent-sea1-1.cdninstagram.com/v/t51.29350-15/319906957_1205030730426301_1332767298178706661_n.jpg?_nc_cat=106&ccb=1-7&_nc_sid=8ae9d6&_nc_ohc=ctT-zl-XXBkAX-dcOs4&_nc_ht=scontent-sea1-1.cdninstagram.com&oh=00_AfBrE9d3sSy4VUO_8j-HVU84OxKA6H8l5mKZG_D1mWAfcQ&oe=64A25CE1,,"“It’s just so rich to have all of these identities. I can be Black. I can be Muslim. I can be African. I can be like all of these things. I can be French, I can be Malian.” - @leshijabeuses 
 
In our newest FM Broadcast, members of our Nike Football Community Founé Diawara of @leshijabeuses and @darwinfootballclub alumni John Adekunle come together with Premier League and Nigerian national striker @awoniyi18, and Mayowa Quadri of @versus to discuss how football unites Black communities across the world.

How do you think football connects communities?",,,,"185,402",-1.02
Nike,nike,233841554,2022-08-11 15:05:08 CDT,2022-08-11,15:05:08,Album,"184,642",183034,1608,0,false,https://www.instagram.com/p/ChIclEnPpQQ/,https://www.instagram.com/p/ChIclEnPpQQ/,https://scontent-sea1-1.cdninstagram.com/v/t51.29350-15/298393042_1248986462585862_6954202300729814932_n.jpg?_nc_cat=102&ccb=1-7&_nc_sid=8ae9d6&_nc_ohc=YEQa52_bCIYAX9_4iRc&_nc_ht=scontent-sea1-1.cdninstagram.com&oh=00_AfDa0NRgP9oSjZmjdbfERryRNUxFGY_E_l2rpa9j5asQUQ&oe=64A11E3B,,"“Total vibes.” @mrapinoe 

Even when it comes to style, the soccer legend likes to challenge the status quo.

Shop her latest looks at the 🔗 in bio.",,,,"184,642",-1.11
Nike,nike,228608284,2022-07-09 09:59:26 CDT,2022-07-09,09:59:26,Album,"181,954",180629,1325,0,false,https://www.instagram.com/p/Cfy7XNILFj7/,https://www.instagram.com/p/Cfy7XNILFj7/,https://scontent-sea1-1.cdninstagram.com/v/t51.29350-15/292363367_431718278861467_7489646055302259895_n.jpg?_nc_cat=108&ccb=1-7&_nc_sid=8ae9d6&_nc_ohc=5tuuuCtdmigAX95oDTZ&_nc_ht=scontent-sea1-1.cdninstagram.com&oh=00_AfBMZkucejzj1ScpQTEKRvJelKapNfAmKAaEtw9Uzann1w&oe=64A15003,,"“You do have to know who you are outside the sport so that when it doesn't go well, your entire world doesn't collapse.”

We’re taking a page out of @dinaashersmith’s book when it comes to approaching life from a well-rounded mindset. She’s focused on strengthening bonds and developing passions beyond track to make sure she’s living life to the max. She’s Never Done pushing for more.

Check the link in bio to see how Dina is living life to the fullest.",,,,"181,954",-1.19
Nike,nike,247145989,2022-11-08 10:06:41 CST,2022-11-08,10:06:41,Album,"181,891",179753,2138,1431297,false,https://www.instagram.com/p/CktMChMueVq/,https://www.instagram.com/p/CktMChMueVq/,https://scontent-sea1-1.cdninstagram.com/v/t51.29350-15/314665118_2340023052827073_6967865240775999882_n.jpg?_nc_cat=102&ccb=1-7&_nc_sid=8ae9d6&_nc_ohc=12Y_1DIhThgAX_hOMZf&_nc_ht=scontent-sea1-1.cdninstagram.com&oh=00_AfBnu1W5ko_tF5HQizgkNSYIvhhUDqcZT-DzAu2qQwcBRA&oe=64A22576,,"Join Forces with Lit Hip Hop
 
“Being with people who share a common belief in dance inspires me to fuse our ethnic culture with hip-hop, which I both love.”
– @dating9
 
Tap the @nike 🔗 in bio to see how Lit Hiphop comes together in Air Force 1. #AF1JoinForces",,,,"181,891",-1.05
Nike,nike,231416556,2022-07-26 11:59:34 CDT,2022-07-26,11:59:34,Album,"177,945",176248,1697,0,false,https://www.instagram.com/p/Cge6n9-pT_D/,https://www.instagram.com/p/Cge6n9-pT_D/,,,"Nike Adaptive Athlete Amy Bream believes the best way to make progress is to trust the process, even when the destination is unknown. Born without much of her right leg, @onelegtostandon never saw herself as an athlete but after opening herself to the possibilities, today she couldn’t see herself as anything but. Her secret? “It's about believing that you belong here and that you can do this.""

Get moving with Amy and 7 new workouts designed for people both with and without lower body disabilities. Exclusively available in the NTC app for US and UK users and rolling out to more countries soon.",,,,"177,945",-1.16
Nike,nike,253978892,2022-12-07 08:59:56 CST,2022-12-07,08:59:56,Album,"175,827",173684,2143,0,false,https://www.instagram.com/p/Cl3vc-aOAJM/,https://www.instagram.com/p/Cl3vc-aOAJM/,https://scontent-sea1-1.cdninstagram.com/v/t51.29350-15/318467603_5605081709609052_1453620196970924462_n.jpg?_nc_cat=103&ccb=1-7&_nc_sid=8ae9d6&_nc_ohc=lUJOMFj4POAAX-AX0ZJ&_nc_ht=scontent-sea1-1.cdninstagram.com&oh=00_AfDOAeUpBV-IogOfqyE0UFYfctnVevKyxWmZtu-zAA-SNw&oe=64A263BF,,"The latest in our collaboration with Paris-based label @Jacquemus is dropping soon 🍧

The Nike x Jacquemus Pink Air Humara brings together vintage ACG trail shoe aesthetic (including elements from the original ’97 Humara) with luxe.

No part of the design was left untouched - from the textile-wrapped midsole to the exaggerated lace tips and bold metal Swoosh, it’s all about the details. And of course, Air cushioning in the heel and forefoot brings the walking-on-☁️ sensation you love. 

The Air Humara x Jacquemus will be available across selected retailers + SNKRS in select regions 12.9.",,,,"175,827",-1.08
Nike,nike,241844323,2022-10-18 11:00:50 CDT,2022-10-18,11:00:50,Album,"175,625",174048,1577,1178740,false,https://www.instagram.com/p/Cj3GrSZpfxb/,https://www.instagram.com/p/Cj3GrSZpfxb/,https://scontent-sea1-1.cdninstagram.com/v/t51.29350-15/309069506_642828067390468_2668298667797069058_n.jpg?_nc_cat=110&ccb=1-7&_nc_sid=8ae9d6&_nc_ohc=iPm-ztHBkl0AX_3xRJM&_nc_ht=scontent-sea1-1.cdninstagram.com&oh=00_AfAX4jrFnP3vloc9HitD4jKxmjr_4cjh21yLWVXSYQESOA&oe=64A2617F,,"When RIEHATATOKYO hits the stage, it’s easy to guess what shoes they’ll be wearing.
 
“I feel that we become one in spirit at RIEHATATOYO when we all wear Air Force 1s. Our sense of unity shows in how every person is unique when they all dance together. Each person having their own color and power on the crew is the RIEHATATOKYO way.” - @riehata 
 
The dancers at RIEHATATOKYO amplify their personal style in Air Force 1s. Tap the @nike 🔗 in bio to see how RIEHATATOKYO is creating community and redefining the future for the next generation of talent. #AF1JoinForces",,,,"175,625",-1.1
Nike,nike,241528360,2022-10-16 10:02:03 CDT,2022-10-16,10:02:03,Album,"172,227",170315,1912,0,false,https://www.instagram.com/p/Cjx2W_ULqwX/,https://www.instagram.com/p/Cjx2W_ULqwX/,https://scontent-sea1-1.cdninstagram.com/v/t51.29350-15/309621793_531568912140361_3854570766079632084_n.jpg?_nc_cat=111&ccb=1-7&_nc_sid=8ae9d6&_nc_ohc=vjk1grIkLM0AX_Kl2hL&_nc_ht=scontent-sea1-1.cdninstagram.com&oh=00_AfANCLAERKZ9EoK2eItGd_jbNSkR1ZdBobJTzIzLKlCvyQ&oe=64A2E9C9,,"“Take the good days for the good days, take the bad days for the bad days, but you gotta keep swinging, you gotta keep working.” @k1 

“What Are You Working On?” with Kyler Murray is out now. Link in @nike bio.",,,,"172,227",-1.11
Nike,nike,244366841,2022-10-27 11:05:29 CDT,2022-10-27,11:05:29,Album,"171,526",163641,7885,1880442,false,https://www.instagram.com/p/CkOSXKdpXMR/,https://www.instagram.com/p/CkOSXKdpXMR/,https://scontent-sea1-1.cdninstagram.com/v/t51.36329-15/313275952_865523544441492_6524527497259325869_n.jpg?_nc_cat=104&ccb=1-7&_nc_sid=8ae9d6&_nc_ohc=vz2ao0OWUlsAX_Aelbk&_nc_ht=scontent-sea1-1.cdninstagram.com&oh=00_AfAxQ4dET5sWoi9Wywk0o78XD2R21fkD2GDhAKDVd_E-5A&oe=64A1CA26,,"You can’t give a label to a future that hasn’t been written yet. Learn how @AlphonsoDavies found his place through sport in episode two of our new docuseries ‘HOME.’
Click the @nike link in bio for the full episode.",,,,"171,526",-1.11
Nike,nike,286457291,2023-04-12 16:01:52 CDT,2023-04-12,16:01:52,Album,"171,368",169243,2125,1635493,false,https://www.instagram.com/p/Cq81CE4OuY5/,https://www.instagram.com/p/Cq81CE4OuY5/,https://scontent-sea1-1.cdninstagram.com/v/t51.36329-15/340664394_780775766711732_5097394201776633264_n.jpg?_nc_cat=108&ccb=1-7&_nc_sid=8ae9d6&_nc_ohc=-0a-D564s58AX-CCu7o&_nc_ht=scontent-sea1-1.cdninstagram.com&oh=00_AfDJ-uZNO7gZr51NxojxhWwEmAF49YwmL12TXknt0Wx_3g&oe=64A11882,,"Baseball is in his blood. @ronaldacunajr13 is one of the brightest young stars in the game, and it’s his Venezuelan roots that have kept him grounded and motivated along the journey.

Now, in his first fully healthy season since 2021, he’s ready to take his game, his people and his sport to new heights.",,,,"171,368",-1.02
Nike,nike,275596109,2023-03-07 10:00:04 CST,2023-03-07,10:00:04,Album,"170,672",169596,1076,0,false,https://www.instagram.com/p/Cpfl4ITuJ0O/,https://www.instagram.com/p/Cpfl4ITuJ0O/,https://scontent-sea1-1.cdninstagram.com/v/t51.29350-15/331199230_694242922488448_1342920467768856511_n.jpg?_nc_cat=100&ccb=1-7&_nc_sid=8ae9d6&_nc_ohc=EVOctmCn1S0AX8mhFB8&_nc_ht=scontent-sea1-1.cdninstagram.com&oh=00_AfCN-YwYxGAEbjZnDKAIjZfI77TWbZYprAbNX1GAgO_-gQ&oe=64A15E49,,"“Whatever happens in a series, good or bad, it’s a recharge whenever I’m home.” – @smriti_mandhana 

When pro-cricketer Smriti Mandhana is back home, the 26-year-old focuses on staying in the moment.

Click the link in bio to check out the latest episode of “What Are You Working On?” with Smriti.",,,,"170,672",-1.08
Nike,nike,294469685,2023-05-29 11:06:12 CDT,2023-05-29,11:06:12,Album,"168,377",166762,1615,0,false,https://www.instagram.com/p/Cs1UjtbLtqM/,https://www.instagram.com/p/Cs1UjtbLtqM/,https://scontent-sea1-1.cdninstagram.com/v/t51.29350-15/350400479_828842921906345_5869467903128698151_n.jpg?_nc_cat=102&ccb=1-7&_nc_sid=8ae9d6&_nc_ohc=7Uul-5b0SDoAX9vSk6G&_nc_ht=scontent-sea1-1.cdninstagram.com&oh=00_AfAN9j2z3LMx57_hooCdlJta35B38CHM_etOZHK6PPSR_w&oe=64A23F0C,,"@samanthakerr20 back flips on the pitch AND styles all the latest Nike 🔥. She really does it all. 

Tap to shop Sam’s latest looks!",,,,"168,377",1.02
Nike,nike,257757841,2022-12-21 14:00:22 CST,2022-12-21,14:00:22,Album,"164,588",160437,4151,1192120,false,https://www.instagram.com/p/CmcU9pYJzeD/,https://www.instagram.com/p/CmcU9pYJzeD/,https://scontent-sea1-1.cdninstagram.com/v/t51.29350-15/321169291_149966427820990_7431088535918095389_n.jpg?_nc_cat=109&ccb=1-7&_nc_sid=8ae9d6&_nc_ohc=vX9scof5rz8AX-AGjc5&_nc_ht=scontent-sea1-1.cdninstagram.com&oh=00_AfCRuHb9_vJwVn4UX8uGJYIzDTYZzInM-o2IzEiAsAJFUQ&oe=64A25B29,,"""For me as a professional runner, I have to stay happy. A lot of my happiness comes from socializing and external validation.” - @craigathor 

After a series of setbacks, long-distance runner Craig Engels is working on staying in love with his sport by leaning into his second family, the running community, and creating new experiences off the track. Never Done pouring into the love!",,,,"164,588",-1.13
Nike,nike,294073666,2023-05-27 11:00:13 CDT,2023-05-27,11:00:13,Album,"161,360",160148,1212,0,false,https://www.instagram.com/p/CswKSHOLzlN/,https://www.instagram.com/p/CswKSHOLzlN/,https://scontent-sea1-1.cdninstagram.com/v/t51.29350-15/349278150_246669874718888_7311160386158236198_n.jpg?_nc_cat=108&ccb=1-7&_nc_sid=8ae9d6&_nc_ohc=r4kEkc10w_8AX-NUTR9&_nc_ht=scontent-sea1-1.cdninstagram.com&oh=00_AfB7C948VeMLlGcSFpfPDKKvYlIT3289WJKTEtFZLcAR_w&oe=64A10F87,,"A force in the world 🌎 of fencing and an advocate for inclusivity in sport 💪, @bebe_vio embraces function and comfort in her everyday style. 

Tap to shop Bebe’s looks.",,,,"161,360",-1.03
Nike,nike,235605661,2022-09-14 10:00:37 CDT,2022-09-14,10:00:37,Album,"160,986",159213,1773,0,false,https://www.instagram.com/p/CifcwiQr2uF/,https://www.instagram.com/p/CifcwiQr2uF/,https://scontent-sea1-1.cdninstagram.com/v/t51.29350-15/306563034_4737109446392196_4606723323960779278_n.jpg?_nc_cat=105&ccb=1-7&_nc_sid=8ae9d6&_nc_ohc=ZX6ptI-PN0kAX9Ma0EC&_nc_ht=scontent-sea1-1.cdninstagram.com&oh=00_AfDHBwIkelrAQGXDj2f4YwDFCbE_5ydXgb_iFEKB2SPA0Q&oe=649E1ED0,,"@tayla_harris is the living definition of the multi-faceted athlete. 

Australian Football League star? ✅ 
Pro boxer? ✅ 
Real estate investor? ✅ 
Small business owner? ✅ 
Wedding officiant? ✅ 

In Tayla’s world, the only limitations are the ones we put on ourselves. 
 
Never done expanding.",,,,"160,986",-1.21
Nike,nike,298950691,2023-06-21 11:00:02 CDT,2023-06-21,11:00:02,Album,"160,082",159244,838,0,false,https://www.instagram.com/p/CtwiItfrYWK/,https://www.instagram.com/p/CtwiItfrYWK/,https://scontent-sea1-1.cdninstagram.com/v/t51.29350-15/355079912_306131578414254_6844238341879771800_n.jpg?_nc_cat=1&ccb=1-7&_nc_sid=8ae9d6&_nc_ohc=JWw_Ls1Oz_MAX-LcJJJ&_nc_ht=scontent-sea1-1.cdninstagram.com&oh=00_AfDfg4EIUtfOJ_W2RoOMXCTm3KNOX_bmAXy-Y_E2WfBDAg&oe=64A13532,,The @nike x @Jacquemus J Force 1. For the understated 🤝 For the standouts. Shop now on SNKRS. 🔗 in bio.,,,,"160,082",1.02
Nike,nike,294780223,2023-05-31 11:07:18 CDT,2023-05-31,11:07:18,Album,"158,741",157849,892,1306629,false,https://www.instagram.com/p/Cs6eRkvOZpw/,https://www.instagram.com/p/Cs6eRkvOZpw/,https://scontent-sea1-1.cdninstagram.com/v/t51.36329-15/350382457_3071533719807590_1439173085158009578_n.jpg?_nc_cat=101&ccb=1-7&_nc_sid=8ae9d6&_nc_ohc=58AOKbiEBrsAX-LBhem&_nc_ht=scontent-sea1-1.cdninstagram.com&oh=00_AfDuhZ3hN4Px_LlBBW30jobE_v9KnePfgfgqiK53hOZcJw&oe=64A0D0A8,,"@nike & @stussy Vandal High…
Available worldwide at stussy.com and select stüssy chapter stores on Friday, June 9th.
Available on SNKRS Thursday, June 15th. Tap the link in @nike’s bio to get notified.",,,,"158,741",-1.04
Nike,nike,263741124,2023-01-19 10:00:04 CST,2023-01-19,10:00:04,Album,"158,024",157156,868,1070348,false,https://www.instagram.com/p/CnmkhA8uW-u/,https://www.instagram.com/p/CnmkhA8uW-u/,https://scontent-sea1-1.cdninstagram.com/v/t51.29350-15/326173763_890562208736271_2572219267904361522_n.jpg?_nc_cat=101&ccb=1-7&_nc_sid=8ae9d6&_nc_ohc=wGGy5DHaGUgAX-c95Kp&_nc_ht=scontent-sea1-1.cdninstagram.com&oh=00_AfDI8NQkBHY3xZLqWtIDcRHfU4qKMQm2j6yLVUBmaxRB9w&oe=64A2EBAB,,"“I feel a sense of responsibility towards upgrading the Korean B-Girl scene to an internationally acclaimed level.” @yell_yeri_kim, gives us the real in the latest episode of “What Are You Working On?”

What are you determined to do right now? Tell us in the comments!",,,,"158,024",-1.17
Nike,nike,233596488,2022-08-09 10:02:40 CDT,2022-08-09,10:02:40,Album,"158,013",156775,1238,0,false,https://www.instagram.com/p/ChCwYCwL7Ml/,https://www.instagram.com/p/ChCwYCwL7Ml/,https://scontent-sea1-1.cdninstagram.com/v/t51.29350-15/298077317_428784695878081_1307753632847805717_n.jpg?_nc_cat=107&ccb=1-7&_nc_sid=8ae9d6&_nc_ohc=cl-TFZsDr7MAX-vtOZE&_nc_ht=scontent-sea1-1.cdninstagram.com&oh=00_AfAGdMII0NkJTTYJd53ZloC2EEkkj6kIsvG8Pv9tvzx7Lw&oe=64A2B837,,"Jewell Loyd has always seen things differently. Eight years into an already illustrious WNBA career, she is just now starting to use visualization as a means to master her craft on the court to help manifest a greater world for the person she is off of it.

“What Are You Working On?” with Jewell Loyd is out now.",,,,"158,013",-1.29
Nike,nike,273748744,2023-02-27 10:00:07 CST,2023-02-27,10:00:07,Album,"156,817",155445,1372,0,false,https://www.instagram.com/p/CpK_hf3uQhu/,https://www.instagram.com/p/CpK_hf3uQhu/,https://scontent-sea1-1.cdninstagram.com/v/t51.29350-15/333379485_898539327868202_8467545880267336748_n.jpg?_nc_cat=103&ccb=1-7&_nc_sid=8ae9d6&_nc_ohc=dUaADqXxt2IAX_597a6&_nc_ht=scontent-sea1-1.cdninstagram.com&oh=00_AfDPWMtJEz_OJoYDXW2-5S2nt--7BSddJM4uN4Q04f3ylQ&oe=64A2421E,,"@ibtihajmuhammad’s modest style makes room for bold statements. 

From bright, pink monochromatic colorways to denim-on-denim looks and, of course, a pair of classics on her feet, world-class fencer Ibtihaj Muhammad doesn’t shy away from the bold — she embraces it. 

Tap to shop her latest looks!",,,,"156,817",-1.18
Nike,nike,229724313,2022-07-15 10:02:44 CDT,2022-07-15,10:02:44,Album,"155,935",154669,1266,1486588,false,https://www.instagram.com/p/CgCYgkxrgUO/,https://www.instagram.com/p/CgCYgkxrgUO/,https://scontent-sea1-1.cdninstagram.com/v/t51.36329-15/294014552_731848418026834_38064844237380363_n.jpg?_nc_cat=105&ccb=1-7&_nc_sid=8ae9d6&_nc_ohc=fLdL2cuR58MAX8aUXai&_nc_ht=scontent-sea1-1.cdninstagram.com&oh=00_AfCO_9pomD2eXZrod8YhQS1YA1AUFkT5DDXa2Pc-MyigCg&oe=64A24E16,,"For 39 years, we’ve built the Pegasus together to help make your everyday run more effortless. And we’re not about to stop now. 

With the Pegasus 39 your next run is now lighter, comfier, and smoother than ever before. Our latest innovation ensures a super smooth heel-to-toe transition and a shoe that fits like a glove in all the right places. That’s why the Peg is Nike’s longest-running running shoe. Because the run is never done. And neither are we. 

Start your next run by exploring the Peg 39. 🐎",,,,"155,935",-1.36
Nike,nike,292290870,2023-05-16 21:23:51 CDT,2023-05-16,21:23:51,Photo,"155,562",155006,556,0,false,https://www.instagram.com/p/CsU86HgueU-/,https://www.instagram.com/p/CsU86HgueU-/,https://scontent-sea1-1.cdninstagram.com/v/t51.29350-15/347218940_1264876731088126_7231607346681177719_n.jpg?_nc_cat=106&ccb=1-7&_nc_sid=8ae9d6&_nc_ohc=d3iP09AM2QwAX8a_8BH&_nc_ht=scontent-sea1-1.cdninstagram.com&oh=00_AfCmcDuYejDIjMxVYQUdd0XOIxa0fODganSatGpecBz-CA&oe=64A25CDB,,"Think @wemby will change basketball? Think bigger. 🌍

The wait is almost over.",,,,"155,562",-2.8
Nike,nike,269236592,2023-02-11 11:01:16 CST,2023-02-11,11:01:16,Album,"154,226",153588,638,0,false,https://www.instagram.com/p/Coh5zb8utIi/,https://www.instagram.com/p/Coh5zb8utIi/,https://scontent-sea1-1.cdninstagram.com/v/t51.29350-15/330483642_890133078633523_4843775125428017321_n.jpg?_nc_cat=105&ccb=1-7&_nc_sid=8ae9d6&_nc_ohc=_MBQQD0ouioAX_axH5C&_nc_ht=scontent-sea1-1.cdninstagram.com&oh=00_AfDF-wECjjNc-ERCV6PCtIIwLC_1qadJ9zVT1BifNqGkOg&oe=64A1FDB9,,"@easymoneysniper shared his personal journey to wellness through increased consciousness and perspective. He hopes it can be a guide for future generations of Black athletes*.

Follow the link in bio to learn more.",,,,"154,226",-1.19
Nike,nike,245722165,2022-11-01 11:00:11 CDT,2022-11-01,11:00:11,Album,"152,958",148177,4781,0,false,https://www.instagram.com/p/CkbJuxTuDob/,https://www.instagram.com/p/CkbJuxTuDob/,https://scontent-sea1-1.cdninstagram.com/v/t51.29350-15/313780687_197537316077874_7289018053136373247_n.jpg?_nc_cat=110&ccb=1-7&_nc_sid=8ae9d6&_nc_ohc=-BSzkJSdkG4AX8wu6g-&_nc_ht=scontent-sea1-1.cdninstagram.com&oh=00_AfDZL630oC2YXx-zJ2G2uwg6WC6QftQYfiX7Rmb69lY0vg&oe=64A11433,,"The love that The Council has for one another goes way beyond the dance floor 💓

“The Council just allowed me to have a family outside of my family, and it allowed me to have a sense of support. Having a collective of women around me that has a similar mindset is so soothing to my spirit, to my mind. We take care of each other without even thinking about it.” - @sheopatra_

The Council is a tight-knit all-female dance collective from LA providing a platform for emerging talent. When it comes to mentorship, community-building, and leveling the playing field for the next generation, the women of The Council know that when they Join Forces for the cause, it creates a ripple effect that can’t be ignored. Tap the 🔗 in bio to see how The Council comes together in Force. Show us how your crew shows up in Force by using #AF1JoinForces",,,,"152,958",-1.24
Nike,nike,288850871,2023-04-24 13:27:09 CDT,2023-04-24,13:27:09,Album,"149,715",148886,829,0,false,https://www.instagram.com/p/Crbc3ZCO0B5/,https://www.instagram.com/p/Crbc3ZCO0B5/,https://scontent-sea1-1.cdninstagram.com/v/t51.29350-15/336047878_1038631787109527_1195081133158682652_n.jpg?_nc_cat=110&ccb=1-7&_nc_sid=8ae9d6&_nc_ohc=mX4tyFOuzkgAX88_XZ1&_nc_ht=scontent-sea1-1.cdninstagram.com&oh=00_AfAeauibwk117oz0ydDabzJK1ORT2yc1SaQs3DOms5gkVQ&oe=64A244C3,,"The 2023 National Team Kits delivering 🔥🔥🔥 on the pitch. #nikefc 

Athletes on pitch ⚽️: 
@samanthakerr20
@grace_geyoro 
@sophsssmith 
@chloekelly 
@hwilkin17
@andressaalves9oficial 
@wang_shuang7
@ahegerberg
@rasheedatt10 
@c_sinc12
@jessiicasilva10 
@alexmorgan13 
@keishaballa 
@asisat_oshoala 
@laurennjjames 
@kerolinnicoli 
@linethbeerensteyn 
@elisadealmeida5 
@grace_jale 
@graham95 
@kika.nazareth 
@katrinagorry10",,,,"149,715",-1.15
Nike,nike,290425822,2023-05-08 11:00:07 CDT,2023-05-08,11:00:07,Album,"149,196",147961,1235,0,false,https://www.instagram.com/p/Cr_PK1OujTh/,https://www.instagram.com/p/Cr_PK1OujTh/,https://scontent-sea1-1.cdninstagram.com/v/t51.29350-15/345455317_590876856153935_64674144849147038_n.jpg?_nc_cat=105&ccb=1-7&_nc_sid=8ae9d6&_nc_ohc=WvQkgf-1vL4AX9OaAue&_nc_ht=scontent-sea1-1.cdninstagram.com&oh=00_AfC77oWaD_L79wZoc-dkSWaODnM4DnG4Z-DUrzNJdjUQpw&oe=64A2F1BB,,"“Fashion is something that I find an escape in, something you can't be limited from.” - @dinaashersmith 

An absolute force when sprinting between the lines, Dina Asher-Smith embraces the freedom to step outside of them with her everyday style. 

Tap the 🔗 to shop Dina’s Nike favorites.",,,,"149,196",-1.15
Nike,nike,228611002,2022-07-07 22:53:46 CDT,2022-07-07,22:53:46,Album,"148,221",147130,1091,0,false,https://www.instagram.com/p/CfvKY30OoUF/,https://www.instagram.com/p/CfvKY30OoUF/,https://scontent-sea1-1.cdninstagram.com/v/t51.29350-15/292535804_601844084579354_7012465672702138785_n.jpg?_nc_cat=109&ccb=1-7&_nc_sid=8ae9d6&_nc_ohc=8f4VOCO0XU4AX_D7klG&_nc_ht=scontent-sea1-1.cdninstagram.com&oh=00_AfBCBDsvDxOjKoUAQrYuOnfvE8tnjI-sxmR4UhC4fKu1iA&oe=64A19F44,,"""You don’t have to have the platform I do to make a difference. But you have to do something. We all have that responsibility. So be absolutely relentless when fighting for the things you believe in."" - @mrapinoe

Today, Megan Rapinoe received the highest civilian honor in the United States, the Presidential Medal of Freedom. A testament to her work to make everyone feel safe, seen, and heard on the path to equality.",,,,"148,221",-1.48
Nike,nike,295014813,2023-06-01 11:01:55 CDT,2023-06-01,11:01:55,Album,"147,620",145793,1827,0,false,https://www.instagram.com/p/Cs9CdAWLN96/,https://www.instagram.com/p/Cs9CdAWLN96/,https://scontent-sea1-1.cdninstagram.com/v/t51.29350-15/350442700_635812141751378_1531557628601014694_n.jpg?_nc_cat=104&ccb=1-7&_nc_sid=8ae9d6&_nc_ohc=tFoopOEUhVIAX8gZlQU&_nc_ht=scontent-sea1-1.cdninstagram.com&oh=00_AfAK-OhROPwpFCjBMZf-4VyYvn-vPaLzOXJN83cwD3CIRA&oe=64A1B77E,,"The 2023 Be True Collection is here. Made in collaboration with designer and artist Zoe Schlacter (they/them), bold geometric patterns and swirling graphics serve as a celebration of the legends and dreamers of LGBTQIA+ communities and their legacies.

Available now. Link in bio. 💃✨",,,,"147,620",-1.12
Nike,nike,228048964,2022-07-06 01:01:56 CDT,2022-07-06,01:01:56,Video,"147,127",146201,926,2281814,false,https://www.instagram.com/tv/CfqOgENrIAF/,https://www.instagram.com/tv/CfqOgENrIAF/,https://scontent-sea1-1.cdninstagram.com/v/t51.36329-15/292256473_443171394362172_6413304020451152401_n.jpg?_nc_cat=109&ccb=1-7&_nc_sid=8ae9d6&_nc_ohc=07RnQ-MT5y4AX9rOWCd&_nc_oc=AQn2UsEAKHEe3ORH-WNKc3yoZpJoCmbjbBk7x4q2bm4Lw5ZeG9A_61zEP2hziZvIoP8&_nc_ht=scontent-sea1-1.cdninstagram.com&oh=00_AfD3GK5aqI1LC-oTfOOD9TskzGUrl8YnN5ijJxlgPd6nXw&oe=64A1FD50,,"Wild goals. Big ambition. Mind-blowing skill 🤯🤯🤯 

Women have been elevating the game since day one. And they’ll continue to smash records, set the bar and raise the game for all of football 🥅☄️

Never Settle, Never Done.",,,,"147,127",-1.57
Nike,nike,265136442,2023-01-28 01:03:00 CST,2023-01-28,01:03:00,Album,"146,318",145633,685,0,false,https://www.instagram.com/p/Cn8yNTUuuYW/,https://www.instagram.com/p/Cn8yNTUuuYW/,https://scontent-sea1-1.cdninstagram.com/v/t51.29350-15/327859899_1559182364602866_2847465468045692026_n.jpg?_nc_cat=102&ccb=1-7&_nc_sid=8ae9d6&_nc_ohc=sAf7n1XTIeYAX_WHvu8&_nc_ht=scontent-sea1-1.cdninstagram.com&oh=00_AfCHzRsNITEFow4Xxb1lPTBiJjeuuUHL14zMOAoXvvSKBw&oe=64A14656,,"Own the court. Dominate the game.
Cheers to another one @diededegroot! 🏆☝
Never done raising trophies.",,,,"146,318",-1.25
Nike,nike,269236592,2023-02-11 13:04:37 CST,2023-02-11,13:04:37,Album,"145,937",145095,842,3303311,false,https://www.instagram.com/p/CoiH61bOiFh/,https://www.instagram.com/p/CoiH61bOiFh/,https://scontent-sea1-1.cdninstagram.com/v/t51.36329-15/330126263_1180078195981001_6704184708875913452_n.jpg?_nc_cat=105&ccb=1-7&_nc_sid=8ae9d6&_nc_ohc=KGl_F-tpjV8AX_VLsCs&_nc_ht=scontent-sea1-1.cdninstagram.com&oh=00_AfDKK0ZfT-QiFE1cwcyHC5h_y9rSQYse_4aBEVR2gcYSqA&oe=64A26C8D,,"“I want to create something that people won’t forget, that will be passed on to the next generation.” 

Many people might think that @yutohorigome is already on top of the skateboarding world, but the 24-year-old still has so much he wants to accomplish within skate culture. Click the link in bio to watch Yuto as he reflects on his past and plots out his future in this latest episode of “What Are You Working On?”",,,,"145,937",-1.26
Nike,nike,230666840,2022-07-19 10:01:29 CDT,2022-07-19,10:01:29,Album,"145,802",144707,1095,0,false,https://www.instagram.com/p/CgMri9GLY-6/,https://www.instagram.com/p/CgMri9GLY-6/,https://scontent-sea1-1.cdninstagram.com/v/t51.29350-15/294159819_1115339025759954_6676226038544454142_n.jpg?_nc_cat=102&ccb=1-7&_nc_sid=8ae9d6&_nc_ohc=nlItY86xiaQAX8a4vr1&_nc_ht=scontent-sea1-1.cdninstagram.com&oh=00_AfCss95f7D3DGqISzApkoGxz0JQNVySDd9h5ahyeefoWIw&oe=64A135B3,,"“I enjoy the challenge of the fact that I am not where I want to be yet and so I am constantly building towards what that looks like.”– @raealex35

Unstoppable at breaking records, Raevyn is a force to be reckoned with. And when it comes to the track, her approach is a beautiful combination of vigorous athleticism, mental discipline and just the right amount of laughs.

An approach that continuously places her as one of the best middle-distance runners in the world.",,,,"145,802",-1.42
Nike,nike,288850871,2023-04-24 17:00:05 CDT,2023-04-24,17:00:05,Album,"144,817",143963,854,0,false,https://www.instagram.com/p/Crb1PDGuc4A/,https://www.instagram.com/p/Crb1PDGuc4A/,https://scontent-fco2-1.cdninstagram.com/v/t51.29350-15/343131699_630328698458889_4955400912951675361_n.jpg?_nc_cat=102&ccb=1-7&_nc_sid=8ae9d6&_nc_ohc=QbmqdHgoRoIAX9A87-1&_nc_ht=scontent-fco2-1.cdninstagram.com&oh=00_AfB1q1C7JAuYPJfMfnB0Owo0pL7e2kdExCEqIg3AIAsOSA&oe=647D9A5E,,"@dbook is not of an era.

Much like his game, Devin Booker’s off-court style is timeless.

Tap to shop D. Book’s looks.",,,,"144,817",-1.19
Nike,nike,272101156,2023-02-21 10:00:11 CST,2023-02-21,10:00:11,Album,"143,449",142590,859,0,false,https://www.instagram.com/p/Co7iw1Guc83/,https://www.instagram.com/p/Co7iw1Guc83/,https://scontent-sea1-1.cdninstagram.com/v/t51.29350-15/332158543_1330754460807809_3295795679820959867_n.jpg?_nc_cat=104&ccb=1-7&_nc_sid=8ae9d6&_nc_ohc=3rs8LjBuU-4AX-a9pNF&_nc_ht=scontent-sea1-1.cdninstagram.com&oh=00_AfCsp91UKe8PRsXdbrjpl0ECtehCx8c6YNYRLg0zZz8ryQ&oe=644C3A05,,"For Chinese track and field athlete Su Bingtian, he knows that winning is a team effort even when he’s the only one crossing the finish line. The first ever Asia-born sprinter to break the 10-second barrier in the 100m, he feels a responsibility to the next generation of young sprinters to leave behind a legacy as a coach and trainer. “If someone breaks my record of 9.83, it’d make me even happier.” Never done pushing the limits. 💪

Click the link in bio to learn how Su leads by example in the latest episode of “What Are You Working On?”",,,,"143,449",-1.28
Nike,nike,231119032,2022-07-23 13:34:38 CDT,2022-07-23,13:34:38,Album,"142,456",141607,849,0,false,https://www.instagram.com/p/CgXXHrhJAMN/,https://www.instagram.com/p/CgXXHrhJAMN/,https://scontent-sea1-1.cdninstagram.com/v/t51.29350-15/295102281_3163665653846099_3096821963222978781_n.jpg?_nc_cat=109&ccb=1-7&_nc_sid=8ae9d6&_nc_ohc=-7fL7UsSkSsAX_rQvox&_nc_ht=scontent-sea1-1.cdninstagram.com&oh=00_AfB2bMy6THpZHCB3xvMgzqwKbS1mogME75MKJHGYBqQXTg&oe=643DE4AB,,"When the only thing on your mind is to defend your title and win – the sky’s the limit.

Congrats @skybrown on keeping your crown and winning another gold!

Never done flying.",,,,"142,456",-1.45
Nike,nike,265136442,2023-01-28 05:18:04 CST,2023-01-28,05:18:04,Album,"141,462",140764,698,0,false,https://www.instagram.com/p/Cn9PZeRLXLm/,https://www.instagram.com/p/Cn9PZeRLXLm/,https://scontent-sea1-1.cdninstagram.com/v/t51.29350-15/327344610_1528623487616918_899376097025803335_n.jpg?_nc_cat=104&ccb=1-7&_nc_sid=8ae9d6&_nc_ohc=39yCELZ713cAX9tc-m6&_nc_ht=scontent-sea1-1.cdninstagram.com&oh=00_AfDyqpkmBiThm9nlAV9bzfR23iV0HZnOwRa-wr9anlNtTQ&oe=64937665,,"Play with heart and grit.
That’s how champions do it. Congrats @sabalenka_aryna! 🏆 ☝
Never done elevating your game.",,,,"141,462",-1.29
Nike,nike,229724313,2022-07-15 16:17:44 CDT,2022-07-15,16:17:44,Album,"135,759",134523,1236,0,false,https://www.instagram.com/p/CgDDbLgP7RZ/,https://www.instagram.com/p/CgDDbLgP7RZ/,https://scontent-sea1-1.cdninstagram.com/v/t51.29350-15/293390370_417129190449603_347400042653530822_n.jpg?_nc_cat=107&ccb=1-7&_nc_sid=8ae9d6&_nc_ohc=-UA44IzLV6kAX-UJ-JS&_nc_ht=scontent-sea1-1.cdninstagram.com&oh=00_AfAfDYeQh4iKlcyR8ywsKZzEBUeaJ-ozLmdSl6RZWw1b8A&oe=644C7E62,,"“Victory redefined means sharing the spotlight and really appreciating and valuing people for who they are and what they bring to the table.” @mrapinoe 

Meet the Victory Redefined Collection. ✌️A movement sparked by Megan Rapinoe that’s creating space for everybody to feel safe, seen and heard. Because until we can all win, our work is never done. 

💐Hit the link in our bio to learn more.",,,,"135,759",-1.53
Nike,nike,296764806,2023-06-10 11:00:48 CDT,2023-06-10,11:00:48,Album,"135,324",134513,811,0,false,https://www.instagram.com/p/CtUNepYuY_d/,https://www.instagram.com/p/CtUNepYuY_d/,https://scontent-sea1-1.cdninstagram.com/v/t51.29350-15/352572076_649897763680086_9198532239139547134_n.jpg?_nc_cat=109&ccb=1-7&_nc_sid=8ae9d6&_nc_ohc=ny3_ffT6rbcAX-Jz52G&_nc_ht=scontent-sea1-1.cdninstagram.com&oh=00_AfDFwoXS3lI6Zs4V9yoHPcos0Mtd4_QkWuTq4hBPpb8PLw&oe=64A19A84,,"Les Champions x3 🎾

Congratulations @diededegroot, @tokitooda, and @nielsvink on each taking home the hardware with major title wins in Paris. 🏆 Keep building your legacies and pushing the game forward.",,,,"135,324",-1.21
Nike,nike,288583742,2023-04-21 17:03:43 CDT,2023-04-21,17:03:43,Album,"134,374",133087,1287,0,false,https://www.instagram.com/p/CrUHQ_GvVkG/,https://www.instagram.com/p/CrUHQ_GvVkG/,https://scontent-fco2-1.cdninstagram.com/v/t51.29350-15/342382306_597897545599145_9101301265183621700_n.jpg?_nc_cat=102&ccb=1-7&_nc_sid=8ae9d6&_nc_ohc=N-BZ8wC3QPUAX9LaQIo&_nc_ht=scontent-fco2-1.cdninstagram.com&oh=00_AfA67b07V-tDi4uSp4egzjHCeJhD2WuDlU9kSD3OQ1wsVQ&oe=647A25F6,,"Support like never before.

Just like @salemmitchell, move with comfort and style for daysss in the Nike Flyknit Bra 🤸
￼
Swipe to see the fit and explore every way that movement helps you feel 💖",,,,"134,374",-1.31
Nike,nike,231416556,2022-07-26 10:30:00 CDT,2022-07-26,10:30:00,Album,"131,638",130838,800,0,false,https://www.instagram.com/p/CgewYAyL3no/,https://www.instagram.com/p/CgewYAyL3no/,https://scontent-sea1-1.cdninstagram.com/v/t51.29350-15/295702135_795372901477084_4051429595143790533_n.jpg?_nc_cat=104&ccb=1-7&_nc_sid=8ae9d6&_nc_ohc=8gYiGx_O5H8AX9pTFf1&_nc_ht=scontent-sea1-1.cdninstagram.com&oh=00_AfBvPK81Lx_dLQSrZUFh51Dxph0pi0tUmNg08Jm8hsAsUg&oe=642B4B6D,,"Silence the noise and watch the show. @castersemenya800m runs the show.
 
See the makings of a winner in the latest episode of “What Are You Working On?”
 
How do you win in your day to day? Let us know below ⤵️",,,,"131,638",-1.56
Nike,nike,235851431,2022-09-09 11:01:27 CDT,2022-09-09,11:01:27,Album,"130,798",128993,1805,3083794,false,https://www.instagram.com/p/CiSrvtsLMaz/,https://www.instagram.com/p/CiSrvtsLMaz/,https://scontent-sea1-1.cdninstagram.com/v/t51.29350-15/305847127_474486877901995_5703731759051542358_n.jpg?_nc_cat=108&ccb=1-7&_nc_sid=8ae9d6&_nc_ohc=TDLm91zIF1IAX_2qW-m&_nc_ht=scontent-sea1-1.cdninstagram.com&oh=00_AfD8cGKzzzOC7Baq9qT8eHc7DG7jA1b_tcBGdLQtvee90w&oe=637C03BF,,"We built #NikeForward for the futurist who honors the wisdom of worn paths. 🥾

And the kid building a spaceship in their backyard. 🚀

This is for you, for us, and for everyone else. 

We call it Forward because that’s where we’re going. 💫

Launching Soon.

3D Imagery and Animation: @moreandmore_ltd
Original Music: @golden_hum",,,,"130,798",-1.51
Nike,nike,235635521,2022-09-01 11:27:26 CDT,2022-09-01,11:27:26,Album,"128,953",128236,717,0,false,https://www.instagram.com/p/Ch-IW8_JVOs/,https://www.instagram.com/p/Ch-IW8_JVOs/,https://scontent-sea1-1.cdninstagram.com/v/t51.29350-15/303909672_421276423206755_6692955431400997581_n.jpg?_nc_cat=107&ccb=1-7&_nc_sid=8ae9d6&_nc_ohc=uv16vD512JUAX9AnCf6&_nc_ht=scontent-sea1-1.cdninstagram.com&oh=00_AfBNQ9lwIm8jttrbeJgvQKeheaRVDrNDP0ewl1unGerSBw&oe=640E895C,,"Inspired by a sisterhood of style and sport.
Serve some serious looks with the Serena Williams Design Crew 1.5 Collection. Whether you’re into monochromatic grays, or bold blue hues, these sportswear staples bring a new spin to your everyday style. Now available.

Photographer:
@brandiewed

Videographer:
@bexxfrancois

Stylist:
@charliebrianna",,,,"128,953",-1.55
Nike,nike,292849946,2023-05-20 12:20:03 CDT,2023-05-20,12:20:03,Album,"128,602",127617,985,0,false,https://www.instagram.com/p/CseR2stJqFa/,https://www.instagram.com/p/CseR2stJqFa/,https://scontent-sea1-1.cdninstagram.com/v/t51.29350-15/348271281_1294020904863655_8027833846409462223_n.jpg?_nc_cat=102&ccb=1-7&_nc_sid=8ae9d6&_nc_ohc=2LmNZZjkB4IAX-APwup&_nc_ht=scontent-sea1-1.cdninstagram.com&oh=00_AfBYUIaSuRDe3fsyB0SK68nsEE2BhWUcqQsRRsmxQEoNOg&oe=6496FF2F,,"Hoops superstar @aja22wilson used part of her offseason to reconnect with herself and her community after an incredible run of success for both her professional team and her country. 

Full series of “What Are You Working On?” with A’ja out now – link in bio.",,,,"128,602",-1.32
Nike,nike,277227135,2023-03-14 14:00:09 CDT,2023-03-14,14:00:09,Album,"127,939",127288,651,0,false,https://www.instagram.com/p/Cpx8DPbO60g/,https://www.instagram.com/p/Cpx8DPbO60g/,https://scontent-fco2-1.cdninstagram.com/v/t51.29350-15/335616466_8974503962624782_3744985909063538328_n.jpg?_nc_cat=103&ccb=1-7&_nc_sid=8ae9d6&_nc_ohc=fdkEVNhssHUAX-itCSB&_nc_ht=scontent-fco2-1.cdninstagram.com&oh=00_AfA-QD_Zp1nGSa_AG5C0Qo7MJTiSOqmXN0hv7l67PGRGlA&oe=645E7026,,"When football’s life, there’s no such thing as losing. ⚽
️
Get the kit on Nike.com (available in select regions) and watch AFC Richmond in the premiere of Ted Lasso Season 3 on @appletvplus tonight. 👀  #NikeFC",,,,"127,939",-1.44
Nike,nike,289330295,2023-04-27 11:01:09 CDT,2023-04-27,11:01:09,Album,"127,933",127138,795,2675137,false,https://www.instagram.com/p/Cri6is4O1qX/,https://www.instagram.com/p/Cri6is4O1qX/,https://scontent-fco2-1.cdninstagram.com/v/t51.36329-15/343585508_583589946895286_8164572103946186043_n.jpg?_nc_cat=102&ccb=1-7&_nc_sid=8ae9d6&_nc_ohc=-rpjnadER_YAX-eDKFr&_nc_ht=scontent-fco2-1.cdninstagram.com&oh=00_AfCJ_dOSYncubAuFvHhXNBmM4Lr0KI4lgoswL_8Ppvrlrg&oe=6482C87C,,"Blaze together. @erickoston 🤝 @vtanderson

The durability of the Blazer GTs keep you skating all day while your friends keep the vibes high.

Shop the In the Wild x LA collection now.",,,,"127,933",-1.35
Nike,nike,269992882,2023-02-14 12:00:04 CST,2023-02-14,12:00:04,Album,"127,460",125351,2109,0,false,https://www.instagram.com/p/Copu6sSPdJo/,https://www.instagram.com/p/Copu6sSPdJo/,https://scontent-sea1-1.cdninstagram.com/v/t51.29350-15/330519675_1928105317535874_8343901656485840458_n.jpg?_nc_cat=105&ccb=1-7&_nc_sid=8ae9d6&_nc_ohc=wUl_l9yW2XUAX_Hp9T7&_nc_ht=scontent-sea1-1.cdninstagram.com&oh=00_AfBdOYvTXpUPxyP3awVH_YxZUqpkGEebdtqFSfKuFzomZQ&oe=644B43CE,,"Everyone starts somewhere. The 2023 Serena Williams Design Crew Collection is made for the dreamers, by the dreamers with a vision for where design and fashion is headed.",‎'‎أه NIKE NNIK MIYE‎'‎,,,"127,460",-1.45
Nike,nike,289515771,2023-04-28 11:00:04 CDT,2023-04-28,11:00:04,Album,"127,389",126699,690,0,false,https://www.instagram.com/p/CrlfNqcOsC1/,https://www.instagram.com/p/CrlfNqcOsC1/,https://scontent-fco2-1.cdninstagram.com/v/t51.29350-15/343318658_733230118283330_2452637624682674016_n.jpg?_nc_cat=101&ccb=1-7&_nc_sid=8ae9d6&_nc_ohc=_v8vgqYTvRAAX9ApjHZ&_nc_ht=scontent-fco2-1.cdninstagram.com&oh=00_AfDYLhBVo-7QvuNNIfo00DpbEc_ZNpzdH1m1eTZHXwM5BQ&oe=64817247,,"“It’s completely not a shoe. It’s an art object. It doesn’t even need to be on someone’s feet. It distills everything I’m saying into an object. The ‘Air Force 1’ is a basketball shoe, but through hip-hop culture it’s a cultural signifier. It means a lot to very specific people.” - Virgil Abloh @arch___itecture

The Nike x Off-White™ AF1 Mid Pine Green is available now across selected retailers + SNKRS. 🚁",,,,"127,389",-1.36
Nike,nike,272605099,2023-02-24 10:00:05 CST,2023-02-24,10:00:05,Album,"127,327",126372,955,2175014,false,https://www.instagram.com/p/CpDRItSOIV8/,https://www.instagram.com/p/CpDRItSOIV8/,https://scontent-sea1-1.cdninstagram.com/v/t51.29350-15/332972681_207357328513208_6441802699773865086_n.jpg?_nc_cat=104&ccb=1-7&_nc_sid=8ae9d6&_nc_ohc=GchwAK1LrO8AX98fKdJ&_nc_ht=scontent-sea1-1.cdninstagram.com&oh=00_AfDM8jvaFBTpDSyw6eXAvTdb0Wr8RXlvhZqSHxPlXmXvQw&oe=644F6FD3,,The Phantom GX took us years to make so you can increase your playmaking precision. A sticky texture called Nike Gripknit is made of high tenacity yarns so that unreal ball control can be achieved. What will you achieve in them? #nikefc,,,,"127,327",-1.45
Nike,nike,290623651,2023-05-09 11:00:05 CDT,2023-05-09,11:00:05,Album,"124,781",123679,1102,0,false,https://www.instagram.com/p/CsBz9a0OPOK/,https://www.instagram.com/p/CsBz9a0OPOK/,https://scontent-sea1-1.cdninstagram.com/v/t51.29350-15/345820015_707868438012876_4446997045676562691_n.jpg?_nc_cat=110&ccb=1-7&_nc_sid=8ae9d6&_nc_ohc=bCS-Ihl2-KQAX8sQHqn&_nc_oc=AQk6PkDwzmljPWLS4EDOV32eMYGLeLHMbmnVHCLtZICRm-nlrDatmAOZAobNc_8f98g&_nc_ht=scontent-sea1-1.cdninstagram.com&oh=00_AfDRLQtP7CxNaxnrHnJSGa2hzfFARJPCZc8csa1pkaTrUA&oe=64894AA7,,"Eliud ends each run with a simple ritual. He cleans his shoes. It’s his show of respect for the planet. “The only option is to take care of the world, because this is our only home,” he explains. 
 
Join @kipchogeeliud and take the #MoveToZeroChallenge. Dig out your old gear and Refresh, Rethink or Recycle. 
 
GET ‘EM BACK IN THE GAME 🌍♻️",,,,"124,781",-1.37
Nike,nike,295817642,2023-06-05 02:00:02 CDT,2023-06-05,02:00:02,Album,"124,460",123830,630,0,false,https://www.instagram.com/p/CtGXnjiORO6/,https://www.instagram.com/p/CtGXnjiORO6/,https://scontent-sea1-1.cdninstagram.com/v/t51.29350-15/351099103_281498294404320_8381066471920479292_n.jpg?_nc_cat=100&ccb=1-7&_nc_sid=8ae9d6&_nc_ohc=a7XVpGi6EakAX-Eq2yc&_nc_ht=scontent-sea1-1.cdninstagram.com&oh=00_AfD69nZiY4QPXeaIzpFW3INzhitG5mL2j0ao-Bc7rhc2ag&oe=64A1997E,,"Celebrate the game that unites the world. ⚽🌎🏆

This July, sport’s biggest moment is a global-scale collision of style, culture and footballing prowess. Show love for your team in The 2023 Nike National Team Kits & Collections. 

Check out all the key pieces at the 🔗 in bio and our Instagram Shop #NikeFC",,,,"124,460",-1.33
Nike,nike,235943799,2022-09-06 23:35:15 CDT,2022-09-06,23:35:15,Album,"124,072",123288,784,0,false,https://www.instagram.com/p/CiMToEiOAnd/,https://www.instagram.com/p/CiMToEiOAnd/,https://scontent-sea1-1.cdninstagram.com/v/t51.29350-15/305526184_786691025985234_2462718661530445990_n.jpg?_nc_cat=102&ccb=1-7&_nc_sid=8ae9d6&_nc_ohc=6ecCoa930CEAX93fmSU&_nc_ht=scontent-sea1-1.cdninstagram.com&oh=00_AfAvrw5ZiWOg_MsRz67-P-l9wQMGUNo9M8X5_DpJi_z4Jg&oe=643DE96E,,"True love for the game is when every moment feels just as exciting as your first.

Congratulations @sbird10 on an impeccable career. We’re excited to see what’s next.

Legends are never done.",,,,"124,072",-1.61
Nike,nike,229544284,2022-07-14 10:32:30 CDT,2022-07-14,10:32:30,Album,"123,635",123026,609,0,false,https://www.instagram.com/p/Cf_3HvlLlzZ/,https://www.instagram.com/p/Cf_3HvlLlzZ/,https://scontent-sea1-1.cdninstagram.com/v/t51.29350-15/293364819_1705054183190871_8824862386704275914_n.jpg?_nc_cat=108&ccb=1-7&_nc_sid=8ae9d6&_nc_ohc=TYm86PHJerYAX-mruTf&_nc_ht=scontent-sea1-1.cdninstagram.com&oh=00_AT_g_hkSQXMuLDvink9PlZdrWNkF-zs72biv3Zfcp_lVQA&oe=6338FBE1,,"“What allowed me to run effortlessly with joy was actually getting rid of that backpack full of weights, which was other people’s expectations.” 
@crazylongjumper 

There might be eight lanes on a track, but sprinting is a sport of one. It’s you v you. Head to head. A stride at a time. And although there’s almost always someone within an arm’s distance of you, the battle out of the blocks is internal.

Few would know this better than gold medalist Marcell Jacobs. He tells us that his speed on the track comes from an inner strength he has off of it.",,,,"123,635",-1.73
Nike,nike,250635560,2022-11-22 10:00:05 CST,2022-11-22,10:00:05,Album,"122,886",121107,1779,108457,false,https://www.instagram.com/p/ClROacFOYqr/,https://www.instagram.com/p/ClROacFOYqr/,https://scontent-sea1-1.cdninstagram.com/v/t51.29350-15/316857268_1241734419718295_8740667009330770967_n.jpg?_nc_cat=110&ccb=1-7&_nc_sid=8ae9d6&_nc_ohc=PG41eo3L67UAX-BJMIH&_nc_ht=scontent-sea1-1.cdninstagram.com&oh=00_AfC-XZoC2HI7XfdiMuS4kbN6zBbGREUXlvy5XjJHEuAb7g&oe=642AD643,,"For this Olympic champion, it’s all about the joy in the journey 💪 

“Not being able to lean into other aspects of yourself takes away from who you truly are.” 

@athiiing gets real in the latest episode of “What Are You Working On”.",,,,"122,886",-1.55
Nike,nike,288669203,2023-04-23 18:36:34 CDT,2023-04-23,18:36:34,Photo,"113,130",112428,702,0,false,https://www.instagram.com/p/CrZbeyiPmFg/,https://www.instagram.com/p/CrZbeyiPmFg/,https://scontent-fco2-1.cdninstagram.com/v/t51.29350-15/342534523_542600274480196_6777354098082159500_n.jpg?_nc_cat=105&ccb=1-7&_nc_sid=8ae9d6&_nc_ohc=6VpM-EJ-rE4AX97y2AZ&_nc_ht=scontent-fco2-1.cdninstagram.com&oh=00_AfD_VtV4Sr4q90u6WoUTmf9dxYsdW5z8jssk7voJuhUZRQ&oe=647C1DEB,,It’s just the start of something special. 💪 Congrats to @nellykorda on a brilliant performance on the course this weekend. Keep unlocking your greatness and pushing the game forward.,,,,"113,130",-3.88
Nike,nike,295192811,2023-06-02 15:47:58 CDT,2023-06-02,15:47:58,Album,"111,634",110866,768,0,false,https://www.instagram.com/p/CtAH-_VPZRy/,https://www.instagram.com/p/CtAH-_VPZRy/,https://scontent-sea1-1.cdninstagram.com/v/t51.29350-15/350899978_780794990093054_2940610315577507548_n.jpg?_nc_cat=100&ccb=1-7&_nc_sid=8ae9d6&_nc_ohc=7dq_usJh94MAX_OsAdN&_nc_ht=scontent-sea1-1.cdninstagram.com&oh=00_AfDeP8t7XAcA-Txru6XR21SSrm2wrGAi19S1dXyZId6G9w&oe=64A1CCFB,,"Mom. World Champion. Olympic Champion. And now… World Record holder. 🏆

Congratulations to @faithkipyegon on a stunning time of 3:49.11 in the 1500M in Florence.",,,,"111,634",-1.48
Nike,nike,269826617,2023-02-13 11:08:27 CST,2023-02-13,11:08:27,Album,"109,942",108553,1389,0,false,https://www.instagram.com/p/ConENxVuFoH/,https://www.instagram.com/p/ConENxVuFoH/,https://scontent-sea1-1.cdninstagram.com/v/t51.29350-15/330395867_1313997442501223_8615878053814101045_n.jpg?_nc_cat=104&ccb=1-7&_nc_sid=8ae9d6&_nc_ohc=QWF3dnsYQBYAX_Xdq4H&_nc_ht=scontent-sea1-1.cdninstagram.com&oh=00_AfC79MQAlIXOAl8EQnbNe1WkahE3rPNWT5rBOueXo9wVUA&oe=644AC478,,"Clear out your leggings drawer because the newest era of Nike leggings has arrived. The NEW Nike Zenvy and Go leggings – a.k.a the must-have for your every mood, moment, and move – come in multiple lengths, rises, and colors. Head to our IG shop to give them a sweat. We know you’ll find A Feel for Every You ✨",,,,"109,942",-1.68
Nike,nike,274302638,2023-03-01 11:03:19 CST,2023-03-01,11:03:19,Album,"107,475",106464,1011,0,false,https://www.instagram.com/p/CpQQWMBOkCq/,https://www.instagram.com/p/CpQQWMBOkCq/,https://scontent-sea1-1.cdninstagram.com/v/t51.29350-15/333753574_885016942779288_2331758541842641859_n.jpg?_nc_cat=106&ccb=1-7&_nc_sid=8ae9d6&_nc_ohc=dgbI3ylPVuMAX9lX0mO&_nc_ht=scontent-sea1-1.cdninstagram.com&oh=00_AfC6OPIv_wK827ks_TClVqf6JftryIYeV2jUT7m_FbHTzw&oe=645131AA,,"The NEW Nike Zenvy and Nike Go are ready for any spin class, tree-pose, or series binge 📺 With a range of sizing from XXS-4X, multiple lengths and rises, there’s A Feel For Every You. Find yours in our IG shop.",,,,"107,475",-1.72
Nike,nike,228371505,2022-07-07 10:00:06 CDT,2022-07-07,10:00:06,Album,"107,475",106933,542,639845,false,https://www.instagram.com/p/Cftx2ZzLjLa/,https://www.instagram.com/p/Cftx2ZzLjLa/,https://scontent-sea1-1.cdninstagram.com/v/t51.29350-15/292249148_346190500856135_8846142546717788669_n.jpg?_nc_cat=101&ccb=1-7&_nc_sid=8ae9d6&_nc_ohc=DbXZn0zBptwAX_Q4u3p&_nc_ht=scontent-sea1-1.cdninstagram.com&oh=00_AT-JVLfh6BvhtYG9STso7XD2EUP0eT9d9qvUi3XAS1K5rQ&oe=631FEF8B,,"“The beauty of uncertainty is infinite possibility. When you don’t know what’s next, anything can be next.” @tune2tunde
 
Nike Fitness Athlete Tunde Oyeneyin wants you to embrace the unknown ✨ Because when progress is the goal, no matter where your journey leads, the future is sure to be bright 🌟 So lean into the doubt, trust yourself, and believe that your best today is only the beginning 📈
 
Where do you see your progress taking you? Let us know in the comments ⤵️",,,,"107,475",-2.04
Nike,nike,289515771,2023-04-28 15:03:30 CDT,2023-04-28,15:03:30,Album,"105,571",104913,658,1030639,false,https://www.instagram.com/p/Crl7EmauYXQ/,https://www.instagram.com/p/Crl7EmauYXQ/,https://scontent-fco2-1.cdninstagram.com/v/t51.29350-15/343938335_714919693717928_542705618207986503_n.jpg?_nc_cat=101&ccb=1-7&_nc_sid=8ae9d6&_nc_ohc=disf_HxSCrcAX80u2ey&_nc_ht=scontent-fco2-1.cdninstagram.com&oh=00_AfBxN5h4tEhtPZFAB-1yimbVMTsKkQRZsog6k4u93JZJdA&oe=64835C77,,"In The Wild sighting: Fynn Koston rockin’ the Blazer GT for all his kickflipping needs. 

Tap to shop his style. #InTheWild #NikeSB",,,,"105,571",-1.64
Nike,nike,292094205,2023-05-16 11:03:56 CDT,2023-05-16,11:03:56,Album,"105,498",104776,722,0,false,https://www.instagram.com/p/CsT19w9OQxm/,https://www.instagram.com/p/CsT19w9OQxm/,https://scontent-sea1-1.cdninstagram.com/v/t51.29350-15/346650435_1439702706847179_923911417543382276_n.jpg?_nc_cat=101&ccb=1-7&_nc_sid=8ae9d6&_nc_ohc=-txHbSRV4PcAX9ip4PJ&_nc_ht=scontent-sea1-1.cdninstagram.com&oh=00_AfDv7bvgyw0pnk5pxgw271B9SZGHDnKEdWIxiPuKkpHmIQ&oe=648ACA60,,"The duality of the hibiscus flower reminds us to embrace any and everything that feels authentically you. Flowers don’t worry about when or how they’ll bloom. They simply open and turn to the light. 

Tap to shop the new Naomi Osaka Capsule Collection",,,,"105,498",-1.62
Nike,nike,295817642,2023-06-05 10:00:04 CDT,2023-06-05,10:00:04,Album,"104,757",104051,706,0,false,https://www.instagram.com/p/CtHOjbwroOh/,https://www.instagram.com/p/CtHOjbwroOh/,https://scontent-sea1-1.cdninstagram.com/v/t51.29350-15/352221247_1257001171592149_7763290351859374631_n.jpg?_nc_cat=107&ccb=1-7&_nc_sid=8ae9d6&_nc_ohc=3YcXj6eyvH4AX9AyAqB&_nc_ht=scontent-sea1-1.cdninstagram.com&oh=00_AfCLRt8InktbXMQXI1wUsQ0PY6b1zmHvjm4OUCp2LU7Pgw&oe=64A11625,,"When the world's greatest athletes get together for the world's greatest ⚽ tournament, epic things are bound to happen. We're talking wonder goals and smashing tackles. Feats of individual brilliance and incredible teamwork. MVPs past, present and future going for glory, no matter the cost. The trophy is waiting. Are you ready? Line up behind your squad with The 2023 Nike National Team Kits & Collections.👇

Hit the link 🔗 in bio to shop your team today. 

#NikeFC",,,,"104,757",-1.58
Nike,nike,249340522,2022-11-17 11:03:34 CST,2022-11-17,11:03:34,Album,"104,691",103304,1387,86968,false,https://www.instagram.com/p/ClEdtBmOdAr/,https://www.instagram.com/p/ClEdtBmOdAr/,https://scontent-sea1-1.cdninstagram.com/v/t51.29350-15/316059291_145043574956223_5692983518410735321_n.jpg?_nc_cat=108&ccb=1-7&_nc_sid=8ae9d6&_nc_ohc=gyWrudIvzw0AX9o4QV9&_nc_ht=scontent-sea1-1.cdninstagram.com&oh=00_AfAZ_653n2WUf8OoVJIE5GQf14dgVWiLW9sBT_THx_RiMg&oe=63EC91CC,,"The newest capsule collection from @naomiosaka celebrates discovering your aura. 

We all strive to express ourselves in everything we do. Naomi’s journey on and off the court represents just that - a young woman transcending sport by living authentically as her true self.",,,,"104,691",-1.82
Nike,nike,296581685,2023-06-09 14:47:01 CDT,2023-06-09,14:47:01,Album,"104,556",103998,558,0,false,https://www.instagram.com/p/CtSCkrhujfu/,https://www.instagram.com/p/CtSCkrhujfu/,https://scontent-sea1-1.cdninstagram.com/v/t51.29350-15/352243983_1067812247515144_5801900097777190572_n.jpg?_nc_cat=107&ccb=1-7&_nc_sid=8ae9d6&_nc_ohc=T5L0ueULHHQAX93Lz99&_nc_ht=scontent-sea1-1.cdninstagram.com&oh=00_AfBct1lyNSToSmDyVtbG-GpBlHqgy5vhL3Iu7N46E0A3HQ&oe=64A0D828,,"Believe it, chase it, break it. 🥇

Congratulations to @jakobing on a new world record time of 7:54.10 for 2 miles in Paris.",,,,"104,556",-1.58
Nike,nike,269826617,2023-02-13 10:22:33 CST,2023-02-13,10:22:33,Album,"100,617",99823,794,1097137,false,https://www.instagram.com/p/Com-9m7uDXi/,https://www.instagram.com/p/Com-9m7uDXi/,https://scontent-sea1-1.cdninstagram.com/v/t51.29350-15/331088859_861172631832176_8160691774117758075_n.jpg?_nc_cat=105&ccb=1-7&_nc_sid=8ae9d6&_nc_ohc=4N0twKB2p68AX8viL_x&_nc_ht=scontent-sea1-1.cdninstagram.com&oh=00_AfDvAGMgfJR6uLMDoYJMIVKyxu7pUAHh1CS3jt-RO3cN-Q&oe=6446DF91,,"“My confidence comes from when I thought I couldn’t do something, and I went and did it. Then you’re like ‘I can do anything that life throws at me. Let me just find my own way.’” @dinaashersmith

Watch the first episode of “How We Do,” where we support nellarose and a squad of South London girls as they step into the ring for the first time at @dwaynamicsgym 🥊🔥

🔗 in bio",,,,"100,617",-1.83
Nike,nike,296965127,2023-06-11 10:59:36 CDT,2023-06-11,10:59:36,Album,"97,707",96914,793,0,false,https://www.instagram.com/p/CtWyIu6Ot1F/,https://www.instagram.com/p/CtWyIu6Ot1F/,https://scontent-sea1-1.cdninstagram.com/v/t51.29350-15/352849222_212812374490865_986978098519080659_n.jpg?_nc_cat=103&ccb=1-7&_nc_sid=8ae9d6&_nc_ohc=BK3Oik4kgvwAX9nzTkD&_nc_ht=scontent-sea1-1.cdninstagram.com&oh=00_AfAJCL7V4C3PPQbYN79761Rf0pkuIORNUirTmW5d5zMc3A&oe=64A0CCF1,,"@lavellerose 🤝🏼 Tiempo.
 
In the latest Unpacked episode, Rose shares her favorite Nike products – both on and off the pitch. Her love for a comfy Groutfit is something we can all get behind. Shop all her looks at our link in bio.",,,,"97,707",-1.65
Nike,nike,273136433,2023-02-25 11:00:04 CST,2023-02-25,11:00:04,Album,"97,036",96033,1003,2175562,false,https://www.instagram.com/p/CpF8y4OO_NO/,https://www.instagram.com/p/CpF8y4OO_NO/,https://scontent-sea1-1.cdninstagram.com/v/t51.29350-15/333493080_2051393805046147_5480743607557878602_n.jpg?_nc_cat=102&ccb=1-7&_nc_sid=8ae9d6&_nc_ohc=ALpfx1mKxFgAX8iv_iH&_nc_ht=scontent-sea1-1.cdninstagram.com&oh=00_AfDsdGbDkGWS_4U2swZlMl7LlqojbywDYmUqyfDvloZ5nw&oe=64507D9C,,The Nike SuperRep 4 is designed for the maximalist who doesn’t skip leg day and demands stability and comfort to push through every rep.,,,,"97,036",-1.91
Nike,nike,288627587,2023-04-20 11:21:36 CDT,2023-04-20,11:21:36,Album,"93,891",92664,1227,0,false,https://www.instagram.com/p/CrQ7UcCOAN_/,https://www.instagram.com/p/CrQ7UcCOAN_/,https://scontent-fco2-1.cdninstagram.com/v/t51.29350-15/341920339_175449572060959_8065582320407204553_n.jpg?_nc_cat=110&ccb=1-7&_nc_sid=8ae9d6&_nc_ohc=GxNk-cczXxgAX8q7-ps&_nc_ht=scontent-fco2-1.cdninstagram.com&oh=00_AfCs52AfxlFStxD0zwJG4szEwO41gZ8vlwrqV-wi5G2OAA&oe=6477D8B5,,"Got old gear? It's been out of action too long. Benched and B-teamed. It's time to give it a second life. One that feels as exciting as the moment you first brought it home.

First up, rummage deep. Dig out beat up old festival kits or your favorite hoodie, the one with a hole in it.
Then choose your fighter:

REFRESH 'EM - clean and protect your old gear.
RETHINK 'EM - get creative and give old kicks and clothes a new identity.
RECYCLE 'EM - tap into Nike's Recycle + Donation service and give it a second life.

Join the #MoveToZeroChallenge and GET 'EM BACK IN THE GAME ♻️

Hit up the link in our bio to find out more 🌍",,,,"93,891",-1.87
Nike,nike,299356428,2023-06-23 14:21:39 CDT,2023-06-23,14:21:39,Album,"86,597",86098,499,0,false,https://www.instagram.com/p/Ct2CzDwvVnU/,https://www.instagram.com/p/Ct2CzDwvVnU/,https://scontent-sea1-1.cdninstagram.com/v/t51.29350-15/355381193_829517811516018_2814119073222484097_n.jpg?_nc_cat=1&ccb=1-7&_nc_sid=8ae9d6&_nc_ohc=PaxtegV3MFwAX9MZPZ5&_nc_ht=scontent-sea1-1.cdninstagram.com&oh=00_AfA_fd4V33XNJrG9hT9rgaEt4rP9nzW7hFgrkCQx67Ovpg&oe=64A17790,,"Like the teams they love and support, every fan has their own unique style. 

From getting kitted out like the athletes on the pitch to making their colors their own 🌏, there’s no one way to represent your squad. And that’s what makes the beautiful game forever inspiring ✨ #NikeFootball",,,,"86,597",-1.8
Nike,nike,292494460,2023-05-18 15:03:28 CDT,2023-05-18,15:03:28,Album,"84,202",83630,572,999444,false,https://www.instagram.com/p/CsZa95GvSZj/,https://www.instagram.com/p/CsZa95GvSZj/,https://scontent-sea1-1.cdninstagram.com/v/t51.36329-15/347249152_250853944190945_8408113732882243962_n.jpg?_nc_cat=106&ccb=1-7&_nc_sid=8ae9d6&_nc_ohc=WZjrwFFb_0MAX9HlkP7&_nc_ht=scontent-sea1-1.cdninstagram.com&oh=00_AfDbU46zwAXY2UPk1iV3qqJrepehwXjLu1AIga2-zaVQJQ&oe=64928B98,,⚠️PEG 40 SIGHTING IN THE WILD⚠️: @b_reck of Chicago based run club @runtoohard sets pace in his Pegasus 40s through Humboldt Park. He wants to know… “What are you running in?” Shop what he and the crew are rocking to rack up the miles. #InTheWild,,,,"84,202",-2.03
Nike,nike,299526438,2023-06-24 15:00:21 CDT,2023-06-24,15:00:21,Album,"82,974",82398,576,1952805,false,https://www.instagram.com/p/Ct4sBczvUM8/,https://www.instagram.com/p/Ct4sBczvUM8/,https://scontent-sea1-1.cdninstagram.com/v/t51.36329-15/355843197_281614867603725_5520842738611696290_n.jpg?_nc_cat=1&ccb=1-7&_nc_sid=8ae9d6&_nc_ohc=R8U-85iZWdUAX9FzS5Y&_nc_ht=scontent-sea1-1.cdninstagram.com&oh=00_AfCit-rAYrWTTjqRK15TZEhSanrMOd7seVIWG1VN5gv56A&oe=64A23B6C,,"Waffle irons and the Willamette Valley. Patchouli and performance. This was the spirit of Eugene, Oregon in the 1970s. During this time, Nike was evolving and innovating rapidly which meant its graphic identity was too—especially on the t-shirt side of the hustle. Tees were the easiest way to communicate the brand’s rapidly developing identity. What’s most notable about these tees is that their bohemian, PNW-inspired look still influences much of the graphic work you still see in today’s designs.

Which one of these tees are you building a fit around? 

These original graphic tees were provided by the Department of Nike Archives.",,,,"82,974",-1.86
Nike,nike,298153796,2023-06-17 11:00:16 CDT,2023-06-17,11:00:16,Album,"81,381",80973,408,0,false,https://www.instagram.com/p/CtmO-7GR4Pe/,https://www.instagram.com/p/CtmO-7GR4Pe/,https://scontent-sea1-1.cdninstagram.com/v/t51.29350-15/354186778_655428543148859_1965486446781770817_n.jpg?_nc_cat=109&ccb=1-7&_nc_sid=8ae9d6&_nc_ohc=l2HuuLGAGn4AX95xxbd&_nc_ht=scontent-sea1-1.cdninstagram.com&oh=00_AfDkYOL4wP_PRIiMiycfzbY_f2FlZMvZoTnCz-igPE7Iyg&oe=64A1E199,,"Style is @tonyfinaugolf's middle name. On the latest episode of Unpacked, he shares his favorite Nike products for when he's taking on the course. 

Tap to shop the look.",,,,"81,381",-1.98
Nike,nike,235943799,2022-09-07 10:02:46 CDT,2022-09-07,10:02:46,Album,"80,409",79488,921,860647,false,https://www.instagram.com/p/CiNbcEdLnMk/,https://www.instagram.com/p/CiNbcEdLnMk/,https://scontent-sea1-1.cdninstagram.com/v/t51.29350-15/305391481_612737943634618_3564941009444832288_n.jpg?_nc_cat=105&ccb=1-7&_nc_sid=8ae9d6&_nc_ohc=XEh2rEj-ONsAX_dcACU&_nc_ht=scontent-sea1-1.cdninstagram.com&oh=00_AfCeMVPvkUWBRsuOOxILa9lfArWlvNeryPv7WdvPghYnfQ&oe=6379BF70,,"Nike Trainer @joeholder doesn’t want you to do it for anyone but you. Because when we make moves towards the things that make us feel happy and healthy, everybody wins. “I want to help people realize that good health is a conduit for having a better life. It’s a gateway to positivity.”

Joe wants to know, how has movement made a positive impact in your life? Let us know in the comments below ⤵️",,,,"80,409",-2.48
Nike,nike,292940590,2023-05-21 18:38:29 CDT,2023-05-21,18:38:29,Photo,"80,133",79547,586,0,false,https://www.instagram.com/p/Cshh9TSv_cz/,https://www.instagram.com/p/Cshh9TSv_cz/,https://scontent-sea1-1.cdninstagram.com/v/t51.29350-15/348263160_154382447476022_1713412943732331799_n.jpg?_nc_cat=110&ccb=1-7&_nc_sid=8ae9d6&_nc_ohc=7Tw_ku8upIQAX_VbbDL&_nc_ht=scontent-sea1-1.cdninstagram.com&oh=00_AfB-I1LwCS2dD4pgrZy2h2HfzUJ_de6PgB7nAAxcE6_YSQ&oe=649A708E,,"Focus. Will. Grit. 

@bkoepka embodies them all and takes home his third PGA Championship. 🏆 Congrats to the five-time major champion.",,,,"80,133",-5.5
Nike,nike,298552184,2023-06-19 11:30:39 CDT,2023-06-19,11:30:39,Album,"79,973",79453,520,1085232,false,https://www.instagram.com/p/CtrcDN-Ry6n/,https://www.instagram.com/p/CtrcDN-Ry6n/,https://scontent-sea1-1.cdninstagram.com/v/t51.36329-15/355127217_654341946135467_8100055859191335636_n.jpg?_nc_cat=1&ccb=1-7&_nc_sid=8ae9d6&_nc_ohc=s0TPDHOXsa8AX9MZH2r&_nc_ht=scontent-sea1-1.cdninstagram.com&oh=00_AfDdSUcuoqJzIYshpdFYiyp21JMYUezxGpwqPIY_4TqJxA&oe=64A24107,,"Shout out to these icons ⚽️🏆 We’re not just celebrating wins, we’re celebrating everything that they and the community have put into pushing the game forward. 💪 Grab a piece of history in the 2023 Nike National Team Collections.

Hit the 🔗 in bio to shop your team today.",,,,"79,973",-2
Nike,nike,292290870,2023-05-17 15:00:20 CDT,2023-05-17,15:00:20,Album,"63,942",63412,530,1223172,false,https://www.instagram.com/p/CsW10BmvKlN/,https://www.instagram.com/p/CsW10BmvKlN/,https://scontent-sea1-1.cdninstagram.com/v/t51.36329-15/347160112_203267442522271_8183116918921076956_n.jpg?_nc_cat=109&ccb=1-7&_nc_sid=8ae9d6&_nc_ohc=2lujcmgPrxsAX-L8TzZ&_nc_ht=scontent-sea1-1.cdninstagram.com&oh=00_AfD5Iek1hfuw24E1ghgL9htzP_kx2QMn381avmE5I6raHA&oe=64924AC7,,"Looking to add a little 😉 to your stride? @b_reck of @runtoohard can confirm that the Pegasus 40s got you. 

Tag someone in your run club who needs these 👇, and check out the full episode of In The Wild by hitting the link in our bio. #InTheWild",,,,"63,942",-2.67
